date,open,high,close,low,vol,p_change,ma5,ma10,ma20,v_ma5,v_ma10,v_ma20,turnover
2011-08-02,10.980,10.980,10.720,10.600,9946.02,-1.65,10.720,10.720,10.720,9946.02,9946.02,9946.02,0.86
2011-08-03,10.700,11.130,10.990,10.690,17528.97,2.52,10.855,10.855,10.855,13737.50,13737.50,13737.50,1.51
2011-08-04,10.910,11.220,11.050,10.770,14367.77,0.55,10.920,10.920,10.920,13947.59,13947.59,13947.59,1.24
2011-08-05,10.800,11.450,10.860,10.130,16193.30,-1.72,10.905,10.905,10.905,14509.02,14509.02,14509.02,1.39
2011-08-08,11.000,11.450,10.830,10.410,40068.54,-0.28,10.890,10.890,10.890,19620.92,19620.92,19620.92,3.45
2011-08-09,10.180,10.820,10.680,9.750,30049.27,-1.39,10.882,10.855,10.855,23641.57,21358.98,21358.98,2.59
2011-08-10,10.700,10.950,10.680,10.630,29746.61,0.00,10.820,10.830,10.830,26085.10,22557.21,22557.21,2.56
2011-08-11,10.490,10.810,10.700,10.120,16040.99,0.19,10.750,10.814,10.814,26419.74,21742.68,21742.68,1.38
2011-08-12,10.850,11.120,11.090,10.610,30665.20,3.65,10.796,10.844,10.844,29314.12,22734.07,22734.07,2.64
2011-08-15,11.100,12.200,12.200,11.000,81762.85,10.01,11.070,10.980,10.980,37652.98,28636.95,28636.95,7.04
2011-08-16,12.010,12.180,11.750,11.580,60788.07,-3.69,11.284,11.083,11.050,43800.74,33721.16,31559.78,5.24
2011-08-17,11.600,12.170,11.700,11.600,40882.10,-0.43,11.488,11.154,11.104,46027.84,36056.47,32336.64,3.52
2011-08-18,11.710,11.920,11.330,11.200,36032.05,-3.16,11.614,11.182,11.122,50026.05,38222.90,32620.90,3.10
2011-08-19,11.180,11.180,11.050,10.680,24924.89,-2.47,11.606,11.201,11.116,48877.99,39096.06,32071.19,2.15
2011-08-22,11.200,11.420,10.890,10.880,22402.51,-1.45,11.344,11.207,11.101,37005.92,37329.45,31426.61,1.93
2011-08-23,10.910,11.280,11.150,10.880,14734.65,2.39,11.224,11.254,11.104,27795.24,35797.99,30383.36,1.27
2011-08-24,11.280,11.330,11.210,11.080,12796.39,0.54,11.126,11.307,11.111,22178.10,34102.97,29348.83,1.10
2011-08-25,11.210,11.430,11.310,11.110,21927.15,0.89,11.122,11.368,11.122,19357.12,34691.59,28936.52,1.89
2011-08-26,11.210,11.240,11.170,11.000,25069.76,-1.24,11.146,11.376,11.124,19386.09,34132.04,28733.00,2.16
2011-08-29,11.080,11.360,11.210,11.030,16557.35,0.36,11.210,11.277,11.129,18217.06,27611.49,28124.22,1.43
2011-08-30,11.250,11.370,10.930,10.890,15091.52,-2.50,11.166,11.195,11.139,18288.43,23041.84,28381.50,1.30
2011-08-31,10.970,10.970,10.880,10.630,12607.32,-0.46,11.100,11.113,11.134,18250.62,20214.36,28135.41,1.09
2011-09-01,10.990,10.990,10.650,10.640,12306.10,-2.11,10.968,11.045,11.114,16326.41,17841.76,28032.33,1.06
2011-09-02,10.610,10.730,10.520,10.470,6546.20,-1.22,10.838,10.992,11.097,12621.70,16003.90,27549.98,0.56
2011-09-05,10.370,10.460,10.180,10.180,7802.13,-3.23,10.632,10.921,11.064,10870.65,14543.86,25936.66,0.67
2011-09-06,10.180,10.190,9.990,9.940,9524.49,-1.87,10.444,10.805,11.030,9757.25,14022.84,24910.42,0.82
2011-09-07,9.990,10.880,10.680,9.990,17563.06,6.91,10.404,10.752,11.030,10748.40,14499.51,24301.24,1.51
2011-09-08,10.700,10.900,10.400,10.350,16608.76,-2.62,10.354,10.661,11.015,11608.93,13967.67,24329.63,1.43
2011-09-09,10.400,10.570,10.460,10.340,7289.32,0.58,10.342,10.590,10.983,11757.55,12189.63,23160.83,0.63
2011-09-13,10.120,10.300,9.980,9.800,24343.29,-4.59,10.302,10.467,10.872,15065.78,12968.22,20289.86,2.10
2011-09-14,10.050,10.090,10.030,9.800,6326.49,0.50,10.310,10.377,10.786,14426.18,12091.72,17566.78,0.54
2011-09-15,10.140,10.230,10.120,10.000,14784.15,0.90,10.198,10.301,10.707,13870.40,12309.40,16261.88,1.27
2011-09-16,10.170,10.270,10.060,10.050,11766.08,-0.59,10.130,10.242,10.644,12901.87,12255.40,15048.58,1.01
2011-09-19,10.000,10.080,10.020,9.850,16807.00,-0.40,10.042,10.192,10.592,14805.40,13281.48,14642.69,1.45
2011-09-20,10.020,10.160,10.000,9.910,11447.15,-0.20,10.046,10.174,10.548,12226.17,13645.98,14094.92,0.99
2011-09-21,10.040,10.270,10.200,9.930,17949.61,2.00,10.080,10.195,10.500,14550.80,14488.49,14255.67,1.55
2011-09-22,10.150,10.260,9.810,9.810,12032.23,-3.82,10.018,10.108,10.430,14000.41,13935.41,14217.46,1.04
2011-09-23,9.710,9.760,9.510,9.410,9586.21,-3.06,9.908,10.019,10.340,13564.44,13233.15,13600.41,0.83
2011-09-26,9.600,9.600,9.150,9.120,9830.30,-3.79,9.734,9.888,10.239,12169.10,13487.25,12838.44,0.85
2011-09-27,9.220,9.280,9.130,9.100,6762.70,-0.22,9.560,9.803,10.135,11232.21,11729.19,12348.71,0.58
2011-09-28,9.200,9.330,9.000,9.000,5783.03,-1.42,9.320,9.700,10.039,8798.89,11674.85,11883.28,0.50
2011-09-29,9.000,9.120,8.900,8.810,7093.91,-1.11,9.138,9.578,9.940,7811.23,10905.82,11607.61,0.61
2011-09-30,8.900,9.000,8.880,8.780,4839.51,-0.23,9.012,9.460,9.851,6861.89,10213.16,11234.28,0.42
2011-10-10,8.880,8.950,8.810,8.710,3574.40,-0.79,8.944,9.339,9.766,5610.71,8889.90,11085.69,0.31
2011-10-11,8.990,9.140,8.590,8.500,7694.97,-2.50,8.836,9.198,9.686,5797.16,8514.69,11080.33,0.66
2011-10-12,8.580,8.860,8.730,8.420,12733.31,1.63,8.782,9.051,9.623,7187.22,7993.06,11240.77,1.10
2011-10-13,8.770,8.860,8.820,8.740,9261.76,1.03,8.766,8.952,9.530,7620.79,7716.01,10825.71,0.80
2011-10-14,8.810,9.040,8.800,8.750,8861.59,-0.23,8.750,8.881,9.450,8425.21,7643.55,10438.35,0.76
2011-10-17,8.850,8.950,8.900,8.750,8569.02,1.14,8.768,8.856,9.372,9424.13,7517.42,10502.34,0.74
2011-10-18,8.880,8.890,8.700,8.530,7562.27,-2.25,8.790,8.813,9.308,9397.59,7597.38,9663.28,0.65
2011-10-19,8.680,8.800,8.620,8.610,2447.22,-0.92,8.768,8.775,9.238,7340.37,7263.80,9469.32,0.21
2011-10-20,8.700,8.700,7.870,7.870,12849.43,-8.70,8.578,8.672,9.125,8057.91,7839.35,9372.58,1.11
2011-10-21,8.030,8.030,7.790,7.600,5730.18,-1.02,8.376,8.563,9.012,7431.62,7928.42,9070.79,0.49
2011-10-24,7.870,7.880,7.840,7.630,6875.54,0.64,8.164,8.466,8.903,7092.93,8258.53,8574.22,0.59
2011-10-25,7.870,8.040,8.030,7.730,7591.34,2.42,8.030,8.410,8.804,7098.74,8248.17,8381.43,0.65
2011-10-26,7.940,8.200,8.060,7.940,9408.66,0.37,7.918,8.343,8.697,8491.03,7915.70,7954.38,0.81
2011-10-27,8.050,8.250,8.150,8.030,9375.43,1.12,7.974,8.276,8.614,7796.23,7927.07,7821.54,0.81
2011-10-28,8.400,8.580,8.300,8.180,17521.41,1.84,8.076,8.226,8.554,10154.48,8793.05,8218.30,1.51
2011-10-31,8.310,8.310,8.200,8.100,14500.35,-1.21,8.148,8.156,8.506,11679.44,9386.18,8451.80,1.25
2011-11-01,8.100,8.250,8.190,8.000,14687.95,-0.12,8.180,8.105,8.459,13098.76,10098.75,8848.06,1.27
2011-11-02,8.070,8.250,8.210,7.960,12688.54,0.24,8.210,8.064,8.420,13754.74,11122.88,9193.34,1.09
2011-11-03,8.220,8.540,8.250,8.220,17083.82,0.49,8.230,8.102,8.387,15296.41,11546.32,9692.83,1.47
2011-11-04,8.330,8.390,8.390,8.220,10783.09,1.70,8.248,8.162,8.363,13948.75,12051.61,9990.01,0.93
2011-11-07,8.380,8.480,8.400,8.320,6772.13,0.12,8.288,8.218,8.342,12403.11,12041.27,10149.90,0.58
2011-11-08,8.390,8.390,8.050,8.050,9820.65,-4.17,8.260,8.220,8.315,11429.65,12264.20,10256.18,0.85
2011-11-09,8.080,8.860,8.860,7.980,81233.47,10.06,8.390,8.300,8.322,25138.63,19446.68,13681.19,7.00
2011-11-10,8.720,8.740,8.580,8.470,51387.47,-3.16,8.456,8.343,8.310,31999.36,23647.89,15787.48,4.43
2011-11-11,8.550,8.660,8.640,8.490,27681.75,0.70,8.506,8.377,8.302,35379.09,24663.92,16728.49,2.38
2011-11-15,8.710,8.850,8.600,8.520,32180.20,-0.46,8.546,8.417,8.287,40460.71,26431.91,17909.04,2.77
2011-11-16,8.610,8.650,8.210,8.130,24093.14,-4.54,8.578,8.419,8.262,43315.21,27372.43,18735.59,2.08
2011-11-17,8.280,8.370,8.290,8.180,13321.36,0.97,8.464,8.427,8.246,29732.78,27435.71,19279.30,1.15
2011-11-18,8.220,8.260,7.950,7.880,16405.84,-4.10,8.338,8.397,8.250,22736.46,27367.91,19457.12,1.41
2011-11-21,7.950,7.980,7.960,7.750,9841.72,0.13,8.202,8.354,8.258,19168.45,27273.77,19662.69,0.85
2011-11-22,7.900,7.970,7.960,7.830,6151.41,0.00,8.074,8.310,8.264,13962.69,27211.70,19626.49,0.53
2011-11-23,7.960,7.990,7.890,7.860,6106.28,-0.88,8.010,8.294,8.257,10365.32,26840.26,19552.23,0.53
2011-11-24,7.850,8.050,7.920,7.720,8892.20,0.38,7.936,8.200,8.250,9479.49,19606.14,19526.41,0.77
2011-11-25,7.950,8.040,7.780,7.760,9169.58,-1.77,7.902,8.120,8.232,8032.24,15384.35,19516.12,0.79
2011-11-28,7.770,7.890,7.830,7.760,6959.06,0.64,7.876,8.039,8.208,7455.71,13312.08,18988.00,0.60
2011-11-29,7.860,8.030,7.960,7.790,9790.66,1.66,7.876,7.975,8.196,8183.56,11073.13,18752.52,0.84
2011-11-30,7.970,7.970,7.620,7.620,12393.24,-4.27,7.822,7.916,8.168,9440.95,9903.14,18637.78,1.07
2011-12-01,7.760,8.000,7.790,7.760,14108.93,2.23,7.796,7.866,8.147,10484.29,9981.89,18708.80,1.22
2011-12-02,7.800,7.800,7.730,7.600,11146.43,-0.77,7.786,7.844,8.121,10879.66,9455.95,18411.93,0.96
2011-12-05,7.700,7.700,7.340,7.320,4848.40,-5.04,7.688,7.782,8.068,10457.53,8956.62,18115.20,0.42
2011-12-06,7.400,7.400,7.350,7.260,4176.61,0.14,7.566,7.721,8.016,9334.72,8759.14,17985.42,0.36
2011-12-07,7.500,8.090,8.090,7.500,25267.05,10.07,7.660,7.741,8.018,11909.48,10675.22,18757.74,2.18
2011-12-08,8.200,8.490,8.310,7.910,61928.53,2.72,7.764,7.780,7.990,21473.40,15978.85,17792.49,5.33
2011-12-09,8.230,8.230,7.980,7.960,25504.53,-3.97,7.814,7.800,7.960,24345.02,17612.34,16498.35,2.20
2011-12-13,7.590,7.680,7.480,7.180,23866.96,-6.27,7.842,7.765,7.902,28148.74,19303.13,16307.61,2.06
2011-12-14,7.340,7.600,7.410,7.310,14260.49,-0.94,7.854,7.710,7.843,30165.51,19750.12,15411.62,1.23
2011-12-15,7.210,7.400,7.190,6.890,21729.32,-2.97,7.674,7.667,7.792,29457.97,20683.72,15293.43,1.87
2011-12-16,7.190,7.400,7.400,7.000,13226.88,2.92,7.492,7.628,7.747,19717.64,20595.52,15288.71,1.14
2011-12-19,7.310,7.420,7.320,7.000,14673.77,-1.08,7.360,7.587,7.716,17551.48,20948.25,15202.10,1.26
2011-12-20,7.260,7.620,7.400,7.210,19608.96,1.09,7.344,7.593,7.688,16699.88,22424.31,15690.46,1.69
2011-12-21,7.400,7.460,7.190,7.080,15166.52,-2.84,7.300,7.577,7.649,16881.09,23523.30,16141.22,1.31
2011-12-22,7.100,7.100,6.880,6.650,14151.26,-4.31,7.238,7.456,7.599,15365.48,22411.72,16543.47,1.22
2011-12-23,6.720,7.010,7.010,6.720,9245.14,1.89,7.160,7.326,7.553,14569.13,17143.38,16561.12,0.72
2011-12-26,6.960,7.080,6.900,6.880,3259.25,-1.57,7.076,7.218,7.509,12286.23,14918.86,16265.60,0.25
2011-12-27,6.850,6.900,6.700,6.600,5445.44,-2.90,6.936,7.140,7.453,9453.52,13076.70,16189.92,0.42
2011-12-28,6.610,6.780,6.780,6.520,4270.66,1.19,6.854,7.077,7.394,7274.35,12077.72,15913.92,0.33
2011-12-29,6.720,6.850,6.740,6.700,3066.26,-0.59,6.826,7.032,7.350,5057.35,10211.41,15447.57,0.24
2011-12-30,6.790,7.410,7.050,6.750,14546.33,4.60,6.834,6.997,7.313,6117.59,10343.36,15469.44,1.13
2012-01-04,6.990,7.090,6.760,6.740,4370.57,-4.11,6.806,6.941,7.264,6339.85,9313.04,15130.65,0.34
2012-01-05,6.700,6.710,6.540,6.520,5319.98,-3.25,6.774,6.855,7.224,6314.76,7884.14,15154.23,0.41
2012-01-06,6.500,6.680,6.680,6.250,4539.60,2.14,6.754,6.804,7.191,6368.55,6821.45,15172.37,0.35
2012-01-09,6.680,6.890,6.880,6.600,8448.56,2.99,6.782,6.804,7.130,7445.01,6251.18,14331.45,0.66
2012-01-10,6.890,7.190,7.190,6.810,13728.55,4.51,6.810,6.822,7.074,7281.45,6699.52,11921.45,1.07
2012-01-11,7.380,7.380,7.070,7.040,9812.20,-1.67,6.872,6.839,7.029,8369.78,7354.82,11136.84,0.77
2012-01-12,7.030,7.280,7.050,7.010,7657.94,-0.28,6.974,6.874,7.007,8837.37,7576.07,10326.38,0.60
2012-01-13,7.050,7.070,6.700,6.660,7266.10,-4.96,6.978,6.866,6.972,9382.67,7875.61,9976.66,0.57
2012-01-16,6.660,6.680,6.430,6.420,2744.39,-4.03,6.888,6.835,6.934,8241.84,7843.42,9027.42,0.21
2012-01-18,6.870,7.070,6.790,6.750,26406.88,5.60,6.808,6.809,6.903,10777.50,9029.48,9686.42,2.06
2012-01-19,6.610,6.670,6.660,6.400,18914.29,-1.92,6.726,6.799,6.870,12597.92,10483.85,9898.44,1.48
2012-01-20,6.650,7.110,6.980,6.630,20375.23,4.80,6.712,6.843,6.849,15141.38,11989.37,9936.76,1.59
2012-01-30,6.900,6.950,6.880,6.810,6071.47,-1.43,6.748,6.863,6.834,14902.45,12142.56,9482.01,0.47
2012-01-31,6.840,6.990,6.960,6.810,5149.74,1.16,6.854,6.871,6.838,15383.52,11812.68,9031.93,0.40
2012-02-01,6.830,6.970,6.860,6.800,4870.42,-1.44,6.868,6.838,6.830,11076.23,10926.87,8813.19,0.38
2012-02-02,6.850,6.940,6.940,6.780,5087.36,1.17,6.924,6.825,6.832,8310.84,10454.38,8904.60,0.40
2012-02-03,6.860,7.110,7.020,6.860,10364.09,1.15,6.932,6.822,6.848,6308.62,10725.00,9150.53,0.81
2012-02-06,7.020,7.120,7.090,6.960,7917.40,1.00,6.974,6.861,6.864,6677.80,10790.13,9332.87,0.62
2012-02-07,7.030,7.030,6.840,6.800,5845.39,-3.53,6.950,6.902,6.869,6816.93,11100.23,9471.82,0.46
2012-02-08,6.880,7.060,7.020,6.840,7645.93,2.63,6.982,6.925,6.867,7372.03,9224.13,9126.80,0.60
2012-02-09,7.010,7.420,7.120,6.990,17117.51,1.43,7.018,6.971,6.885,9778.06,9044.45,9764.15,1.33
2012-02-10,7.120,7.360,7.250,7.010,15434.60,1.83,7.064,6.998,6.921,10792.17,8550.39,10269.88,1.20
2012-02-13,7.020,7.280,7.190,7.020,11087.40,-0.83,7.084,7.029,6.946,11426.17,9051.98,10597.27,0.86
2012-02-14,7.170,7.910,7.910,7.130,42162.42,10.01,7.298,7.124,6.998,18689.57,12753.25,12282.97,3.29
2012-02-15,8.080,8.470,8.290,8.000,72048.66,4.80,7.552,7.267,7.053,31570.12,19471.08,15198.97,5.62
2012-02-16,8.160,8.230,8.200,8.060,40663.40,-1.09,7.768,7.393,7.109,36279.30,23028.68,16741.53,3.17
2012-02-17,8.130,8.200,7.970,7.920,35141.00,-2.81,7.912,7.488,7.155,40220.58,25506.37,18115.68,2.74
2012-02-20,8.080,8.110,8.030,7.900,28942.00,0.75,8.080,7.582,7.222,43791.50,27608.83,19199.48,2.26
2012-02-21,8.010,8.070,8.050,7.750,23231.52,0.25,8.108,7.703,7.303,40005.32,29347.44,20223.84,1.81
2012-02-22,8.000,8.290,8.110,7.980,38192.94,0.74,8.072,7.812,7.369,33234.17,32402.15,20813.14,2.98
2012-02-23,8.050,8.350,8.200,8.050,31750.70,1.11,8.072,7.920,7.446,31451.63,33865.46,21454.96,2.48
2012-02-24,8.200,8.870,8.600,8.090,63074.19,4.88,8.198,8.055,7.527,37038.27,38629.42,23589.91,4.92
2012-02-27,8.580,9.140,8.890,8.470,86180.74,3.37,8.370,8.225,7.627,48486.02,46138.76,27595.37,6.72
2012-02-28,8.790,9.200,9.180,8.580,39875.34,3.26,8.596,8.352,7.738,51814.78,45910.05,29331.65,3.11
2012-02-29,9.060,9.200,8.920,8.800,43747.06,-2.83,8.758,8.415,7.841,52925.61,43079.89,31275.48,3.41
2012-03-01,8.850,8.950,8.930,8.620,14618.95,0.11,8.904,8.488,7.941,49499.26,40475.44,31752.06,1.14
2012-03-02,8.830,9.300,9.170,8.810,33562.71,2.69,9.018,8.608,8.048,43596.96,40317.62,32911.99,2.62
2012-03-05,9.150,9.200,9.070,8.900,17730.75,-1.09,9.054,8.712,8.147,29906.96,39196.49,33402.66,1.38
2012-03-06,9.000,9.070,9.000,8.800,11010.74,-0.77,9.018,8.807,8.255,24134.04,37974.41,33660.93,0.86
2012-03-07,8.850,9.050,8.910,8.800,13813.33,-1.00,9.016,8.887,8.350,18147.30,35536.45,33969.30,1.08
2012-03-08,8.860,9.150,9.090,8.860,24213.40,2.02,9.048,8.976,8.448,20066.19,34782.72,34324.09,1.89
2012-03-09,9.090,9.090,9.070,8.810,17736.01,-0.22,9.028,9.023,8.539,16900.85,30248.90,34439.16,1.38
2012-03-12,9.000,9.030,8.810,8.750,13271.19,-2.87,8.976,9.015,8.620,16008.93,22957.95,34548.35,1.03
2012-03-13,8.810,8.900,8.860,8.710,11193.79,0.57,8.948,8.983,8.668,16045.54,20089.79,32999.92,0.87
2012-03-14,8.810,8.940,8.240,8.020,19521.61,-7.00,8.814,8.915,8.665,17187.20,17667.25,30373.57,1.52
2012-03-15,8.200,8.330,7.800,7.790,16429.29,-5.34,8.556,8.802,8.645,15630.38,17848.28,29161.86,1.28
2012-03-16,7.800,8.080,8.030,7.790,8849.37,2.95,8.348,8.688,8.648,13853.05,15376.95,27847.28,0.69
2012-03-19,8.010,8.140,8.100,7.900,7321.13,0.87,8.206,8.591,8.652,12663.04,14335.99,26766.24,0.57
2012-03-20,8.120,8.350,8.180,8.000,11345.94,0.99,8.070,8.509,8.658,12693.47,14369.51,26171.96,0.88
2012-03-21,8.170,8.550,8.340,8.170,15151.07,1.96,8.090,8.452,8.670,11819.36,14503.28,25019.87,1.18
2012-03-22,8.200,8.300,8.190,8.000,10709.29,-1.80,8.168,8.362,8.669,10675.36,13152.87,23967.80,0.84
2012-03-23,8.030,8.170,7.860,7.850,8060.13,-4.03,8.134,8.241,8.632,10517.51,12185.28,21217.09,0.63
2012-03-26,7.870,8.040,7.970,7.800,3581.39,1.40,8.108,8.157,8.586,9769.56,11216.30,17087.12,0.28
2012-03-27,8.020,8.080,7.950,7.920,8017.08,-0.25,8.062,8.066,8.525,9103.79,10898.63,15494.21,0.63
2012-03-28,7.950,7.960,7.500,7.500,6638.91,-5.66,7.894,7.992,8.454,7401.36,9610.36,13638.80,0.52
2012-03-29,7.560,7.630,7.230,7.200,15110.91,-3.60,7.702,7.935,8.369,8281.68,9478.52,13663.40,1.18
2012-03-30,7.220,7.350,7.170,7.080,8551.09,-0.83,7.564,7.849,8.269,8379.88,9448.69,12412.82,0.67
2012-04-05,7.150,7.450,7.380,7.150,6807.00,2.93,7.446,7.777,8.184,9025.00,9397.28,11866.63,0.53
2012-04-06,7.400,7.550,7.480,7.340,9676.39,1.35,7.352,7.707,8.108,9356.86,9230.33,11799.92,0.75
2012-04-09,7.420,7.600,7.470,7.370,8625.00,-0.13,7.346,7.620,8.036,9754.08,8577.72,11540.50,0.67
2012-04-10,7.350,7.700,7.540,7.250,9168.83,0.94,7.408,7.555,7.959,8565.66,8423.67,10788.27,0.72
2012-04-11,7.580,7.870,7.720,7.410,25643.95,2.39,7.518,7.541,7.891,11984.23,10182.06,11183.67,2.00
2012-04-12,7.700,7.980,7.850,7.580,20622.64,1.68,7.612,7.529,7.843,14747.36,11886.18,11551.24,1.61
2012-04-13,7.950,8.190,7.870,7.790,24340.92,0.26,7.690,7.521,7.794,17680.27,13518.56,12208.60,1.90
2012-04-16,8.050,8.660,8.410,8.000,76643.04,6.86,7.878,7.612,7.802,31283.88,20518.98,15064.67,5.98
2012-04-17,8.200,8.290,8.000,7.950,40663.61,-4.88,7.970,7.689,7.812,37582.83,23074.25,16276.38,3.17
2012-04-18,8.010,8.130,8.100,7.850,30308.02,1.25,8.046,7.782,7.816,38515.65,25249.94,17349.32,2.36
2012-04-19,8.110,8.130,7.970,7.950,17199.31,-1.60,8.070,7.841,7.809,37830.98,26289.17,17843.23,1.34
2012-04-23,8.380,8.680,8.300,8.220,78991.65,4.14,8.156,7.923,7.815,48761.13,33220.70,21225.51,6.16
2012-04-24,8.120,8.210,8.170,7.700,42585.03,-1.57,8.108,7.993,7.807,41949.52,36616.70,22597.21,3.32
2012-04-25,8.100,8.990,8.990,7.960,135031.59,10.04,8.306,8.138,7.847,60823.12,49202.98,28813.32,10.53
2012-04-26,9.400,9.890,9.890,9.400,147731.89,10.01,8.664,8.355,7.948,84307.89,61411.77,35796.91,11.52
2012-04-27,10.100,10.110,9.430,9.110,125707.46,-4.65,8.956,8.513,8.021,106009.52,71920.25,41903.22,9.80
2012-05-02,9.520,10.280,9.740,9.520,128608.61,3.29,9.244,8.700,8.111,115932.92,82347.02,47932.79,10.03
2012-05-03,9.450,10.080,10.030,9.330,113005.88,2.98,9.616,8.862,8.237,130017.09,85983.31,53251.14,8.81
2012-05-04,9.970,11.030,10.710,9.800,166916.59,6.78,9.960,9.133,8.411,136394.09,98608.60,60841.42,13.02
2012-05-07,10.400,10.910,10.830,10.180,112741.80,1.12,10.148,9.406,8.594,129396.07,106851.98,66050.96,8.79
2012-05-08,10.700,10.780,10.500,10.330,74974.01,-3.05,10.362,9.659,8.750,119249.38,112629.45,69459.31,5.85
2012-05-09,10.410,10.430,10.200,10.110,60360.56,-2.86,10.454,9.849,8.886,105599.77,110766.34,71993.52,4.71
2012-05-10,10.030,10.280,10.160,9.920,47360.04,-0.39,10.480,10.048,9.021,92470.60,111243.84,73930.27,3.69
2012-05-11,10.110,10.370,9.910,9.910,50352.80,-2.46,10.320,10.140,9.139,69157.84,102775.96,75989.47,3.93
2012-05-14,10.100,10.770,10.090,10.070,89701.14,1.82,10.172,10.160,9.258,64549.71,96972.89,79192.33,7.00
2012-05-15,9.930,10.450,10.370,9.620,60164.48,2.77,10.146,10.254,9.384,61587.80,90418.59,81169.42,4.69
2012-05-16,10.270,10.530,10.220,10.130,51397.41,-1.45,10.150,10.302,9.501,59795.17,82697.47,82522.25,4.01
2012-05-17,10.320,10.760,10.690,10.090,73898.10,4.60,10.256,10.368,9.615,65102.79,78786.69,82385.00,5.76
2012-05-18,10.500,10.630,10.370,10.120,51527.45,-2.99,10.348,10.334,9.734,65337.72,67247.78,82928.19,4.02
2012-05-21,10.660,10.880,10.190,10.180,71010.53,-1.74,10.368,10.270,9.838,61599.59,63074.65,84963.32,5.54
2012-05-22,10.150,10.370,10.290,10.030,53561.99,0.98,10.352,10.249,9.954,60279.10,60933.45,86781.45,4.18
2012-05-23,10.290,10.470,10.200,10.050,57613.82,-0.88,10.348,10.249,10.049,61522.38,60658.78,85712.56,4.49
2012-05-24,10.220,10.290,9.900,9.690,58912.46,-2.94,10.190,10.223,10.136,58525.25,61814.02,86528.93,4.59
2012-05-25,9.800,9.930,9.620,9.580,33450.89,-2.83,10.040,10.194,10.167,54909.94,60123.83,81449.90,2.61
2012-05-28,9.640,10.150,10.120,9.560,52684.43,5.20,10.026,10.197,10.179,51244.72,56422.16,76697.52,4.11
2012-05-29,10.120,10.470,10.240,10.030,64282.70,1.19,10.016,10.184,10.219,53388.86,56833.98,73626.28,5.01
2012-05-30,10.380,10.510,10.300,10.210,49791.88,0.59,10.036,10.192,10.247,51824.47,56673.43,69685.45,3.88
2012-05-31,10.100,10.270,10.140,10.050,34797.33,-1.55,10.084,10.137,10.253,47001.45,52763.35,65775.02,2.71
2012-06-01,10.100,10.270,10.200,9.980,36031.66,0.59,10.200,10.120,10.227,47517.60,51213.77,59230.77,2.81
2012-06-04,10.010,10.050,9.620,9.620,31543.61,-5.69,10.100,10.063,10.167,43289.44,47267.08,55170.86,2.46
2012-06-05,9.650,9.810,9.460,9.360,26266.26,-1.66,9.944,9.980,10.115,35686.15,44537.50,52735.48,2.05
2012-06-06,9.460,9.580,9.480,9.330,17077.88,0.21,9.780,9.908,10.079,29143.35,40483.91,50571.34,1.33
2012-06-07,9.590,9.750,9.520,9.460,24366.10,0.42,9.656,9.870,10.047,27057.10,37029.27,49421.65,1.90
2012-06-08,9.760,9.960,9.580,9.520,33952.12,0.63,9.532,9.866,10.030,26641.19,37079.40,48601.61,2.65
2012-06-11,9.530,9.870,9.860,9.330,29399.16,2.92,9.580,9.840,10.019,26212.30,34750.87,45586.51,2.29
2012-06-12,9.800,10.850,10.850,9.700,107128.78,10.04,9.858,9.901,10.043,42384.81,39035.48,47934.73,8.35
2012-06-13,11.040,11.940,11.940,11.030,219844.58,10.05,10.350,10.065,10.129,82938.15,56040.75,56357.09,17.15
2012-06-14,11.940,12.770,12.400,11.940,260248.30,3.85,10.926,10.291,10.214,130114.59,78585.85,65674.60,20.30
2012-06-15,12.200,12.340,12.090,11.820,131707.86,-2.50,11.428,10.480,10.300,149665.74,88153.47,69683.62,10.27
2012-06-18,12.100,12.150,12.010,11.880,96264.56,-0.66,11.858,10.719,10.391,163038.82,94625.56,70946.32,7.51
2012-06-20,11.840,11.950,11.750,11.600,77312.01,-2.17,12.038,10.948,10.464,157075.46,99730.14,72133.82,6.03
2012-06-21,11.730,11.980,11.180,11.130,117241.44,-4.85,11.886,11.118,10.513,136554.83,109746.49,75115.20,9.14
2012-06-25,11.180,11.360,11.250,10.850,91470.60,0.63,11.656,11.291,10.581,102799.29,116456.94,76743.11,7.13
2012-06-26,11.030,12.380,12.380,10.880,148499.64,10.04,11.714,11.571,10.719,106157.65,127911.69,82495.55,11.58
2012-06-27,12.380,13.550,12.850,12.200,259378.36,3.80,11.882,11.870,10.855,138780.41,150909.61,92830.24,20.23
2012-06-28,12.560,13.400,12.880,12.200,192172.31,0.23,12.108,12.073,10.987,161752.47,159413.97,99224.72,14.99
2012-06-29,12.840,13.120,12.850,12.250,131502.06,-0.23,12.442,12.164,11.115,164604.59,150579.71,103310.23,10.26
2012-07-02,13.000,13.350,13.120,12.450,136905.23,2.10,12.816,12.236,11.264,173691.52,138245.41,108415.63,10.68
2012-07-03,13.350,13.580,12.710,12.600,149635.06,-3.12,12.882,12.298,11.389,173918.60,140038.13,114095.80,11.67
2012-07-04,12.560,13.000,12.790,12.420,120137.81,0.63,12.870,12.376,11.548,146070.49,142425.45,118525.51,9.37
2012-07-05,12.590,13.000,12.820,12.500,113906.18,0.23,12.858,12.483,11.716,130417.27,146084.87,122907.50,8.88
2012-07-06,13.300,13.980,13.360,13.000,216206.22,4.21,12.960,12.701,11.910,147358.10,155981.35,132863.92,16.86
2012-07-09,13.000,13.000,12.110,12.020,136468.36,-9.36,12.758,12.787,12.039,147270.73,160481.12,138469.03,10.64
2012-07-10,11.900,13.320,13.320,11.780,129328.69,9.99,12.880,12.881,12.226,143209.45,158564.03,143237.86,10.09
2012-07-11,13.400,13.430,12.740,12.330,160106.30,-4.35,12.870,12.870,12.370,151203.15,148636.82,149773.22,12.49
2012-07-12,12.500,13.470,13.060,12.500,125126.77,2.51,12.918,12.888,12.481,153447.27,141932.27,150673.12,9.76
2012-07-13,13.020,13.250,12.810,12.650,79546.54,-1.91,12.808,12.884,12.524,126115.33,136736.72,143658.22,6.20
2012-07-16,13.110,13.720,12.960,12.910,143630.88,1.17,12.978,12.868,12.552,127547.84,137409.28,137827.34,11.20
2012-07-17,12.500,13.450,13.380,12.020,102662.06,3.24,12.990,12.935,12.617,122214.51,132711.98,136375.05,8.01
2012-07-18,13.210,14.250,13.780,13.130,175320.73,2.99,13.198,13.034,12.705,125257.40,138230.27,140327.86,13.67
2012-07-19,13.600,14.120,13.980,13.400,129230.29,1.45,13.382,13.150,12.817,126078.10,139762.68,142923.78,10.08
2012-07-20,13.750,13.880,13.510,13.460,78222.32,-3.36,13.522,13.165,12.933,125813.26,125964.29,140972.82,6.10
2012-07-23,13.310,13.310,12.970,12.600,65168.86,-4.00,13.524,13.251,13.019,110120.85,118834.34,139657.73,5.08
2012-07-24,12.810,13.360,12.970,12.700,63007.73,0.00,13.442,13.216,13.049,102189.99,112202.25,135383.14,4.91
2012-07-25,12.810,12.950,12.580,12.560,53280.64,-3.01,13.202,13.200,13.035,77781.97,101519.68,125078.25,4.16
2012-07-26,12.550,12.920,12.200,12.130,59336.02,-3.02,12.846,13.114,13.001,63803.11,94940.61,118436.44,4.63
2012-07-27,12.190,12.360,12.300,11.960,48096.68,0.82,12.604,13.063,12.974,57777.99,91795.62,114266.17,3.75
2012-07-30,12.330,12.340,11.070,11.070,111938.03,-10.00,12.224,12.874,12.871,67131.82,88626.34,113017.81,8.73
2012-07-31,10.300,10.650,10.360,10.030,71954.85,-6.41,11.702,12.572,12.754,68921.24,85555.62,109133.80,5.61
2012-08-01,10.350,10.580,10.430,10.250,57577.77,0.68,11.272,12.237,12.636,69780.67,73781.32,106005.80,4.49
2012-08-02,10.360,10.360,9.610,9.450,116891.54,-7.86,10.754,11.800,12.475,81291.77,72547.44,106155.06,9.12
2012-08-03,9.610,9.990,9.890,9.460,86345.48,2.91,10.272,11.438,12.302,88941.53,73359.76,99662.03,6.73
2012-08-06,9.780,10.250,10.190,9.700,86902.55,3.03,10.096,11.160,12.206,83934.44,75533.13,97183.74,6.78
2012-08-07,10.140,11.150,10.750,10.120,121730.40,5.50,10.174,10.938,12.077,93889.55,81405.40,96803.82,9.49
2012-08-08,10.680,11.100,10.700,10.520,80873.91,-0.47,10.228,10.750,11.975,98548.78,84164.72,92842.20,6.31
2012-08-09,10.700,11.000,10.870,10.600,83831.10,1.59,10.480,10.617,11.866,91936.69,86614.23,90777.42,6.54
2012-08-10,10.790,10.940,10.640,10.600,49149.32,-2.12,10.630,10.451,11.757,84497.46,86719.50,89257.56,3.83
2012-08-13,10.620,10.620,10.000,10.000,63566.38,-6.01,10.592,10.344,11.609,79830.22,81882.33,85254.33,4.96
2012-08-14,9.940,10.250,10.240,9.500,61528.42,2.40,10.490,10.332,11.452,67789.83,80839.69,83197.65,4.80
2012-08-15,10.200,10.200,9.880,9.840,35550.75,-3.52,10.326,10.277,11.257,58725.19,78636.99,76209.15,2.77
2012-08-16,9.800,10.050,9.830,9.730,19738.25,-0.51,10.118,10.299,11.050,45906.62,68921.66,70734.55,1.54
2012-08-17,9.850,9.950,9.720,9.570,23131.92,-1.12,9.934,10.282,10.860,40703.14,62600.30,67980.03,1.80
2012-08-20,9.600,9.710,9.600,9.350,32894.18,-1.24,9.854,10.223,10.692,34568.70,57199.46,66366.30,2.57
2012-08-21,9.860,10.560,10.560,9.860,110095.84,10.00,9.918,10.204,10.571,44282.19,56036.01,68720.70,8.59
2012-08-22,10.700,11.280,10.930,10.510,152882.05,3.50,10.128,10.227,10.489,67748.45,63236.82,73700.77,11.92
2012-08-23,10.760,10.770,10.560,10.410,84970.87,-3.38,10.274,10.196,10.407,80794.97,63350.80,74982.51,6.63
2012-08-24,10.420,10.430,9.900,9.820,68900.21,-6.25,10.310,10.122,10.287,89948.63,65325.89,76022.69,5.37
2012-08-27,9.750,10.190,9.970,9.700,53330.63,0.71,10.384,10.119,10.232,94035.92,64302.31,73092.32,4.16
2012-08-28,9.930,10.150,9.940,9.710,35953.49,-0.30,10.260,10.089,10.211,79207.45,61744.82,71292.25,2.80
2012-08-29,9.850,10.020,9.620,9.600,36934.91,-3.22,9.998,10.063,10.170,56018.02,61883.24,70260.11,2.88
2012-08-30,9.570,9.690,9.210,9.030,40271.24,-4.26,9.728,10.001,10.150,47078.10,63936.53,66429.10,3.14
2012-08-31,9.220,9.350,9.290,9.090,25469.32,0.87,9.606,9.958,10.120,38391.92,64170.27,63385.29,1.99
2012-09-03,9.150,9.580,9.510,9.150,35405.49,2.37,9.514,9.949,10.086,34806.89,64421.40,60810.43,2.76
2012-09-04,9.430,9.770,9.440,9.430,35164.86,-0.74,9.414,9.837,10.021,34649.16,56928.31,56482.16,2.74
2012-09-05,9.380,9.550,9.520,9.330,21568.62,0.85,9.394,9.696,9.962,31575.91,43796.96,53516.89,1.68
2012-09-06,9.490,9.660,9.570,9.460,26209.81,0.53,9.466,9.597,9.897,28763.62,37920.86,50635.83,2.04
2012-09-07,9.590,10.160,9.950,9.590,64660.20,3.97,9.598,9.602,9.862,36601.80,37496.86,51411.37,5.04
2012-09-10,9.950,10.240,10.130,9.830,52997.58,1.81,9.722,9.618,9.869,40120.21,37463.55,50882.93,4.13
2012-09-11,10.110,10.110,9.900,9.800,38414.36,-2.27,9.814,9.614,9.852,40770.11,37709.64,49727.23,3.00
2012-09-12,9.960,10.070,9.980,9.830,31107.57,0.81,9.906,9.650,9.857,42677.90,37126.91,49505.07,2.43
2012-09-13,10.030,10.120,9.850,9.850,38418.36,-1.30,9.962,9.714,9.858,45119.61,36941.62,50439.08,3.00
2012-09-14,9.960,10.030,9.660,9.500,36039.36,-1.93,9.904,9.751,9.855,39395.45,37998.62,51084.45,2.81
2012-09-17,9.660,9.720,9.320,9.320,26702.00,-3.52,9.742,9.732,9.841,34136.33,37128.27,50774.84,2.08
2012-09-18,9.240,9.400,9.300,9.070,14470.56,-0.21,9.622,9.718,9.778,29347.57,35058.84,45993.57,1.13
2012-09-19,9.270,9.390,9.390,9.270,12035.73,0.97,9.504,9.705,9.701,25533.20,34105.55,38951.26,0.94
2012-09-20,9.390,9.390,8.960,8.910,20002.83,-4.58,9.326,9.644,9.621,21850.10,33484.86,35702.86,1.56
2012-09-21,8.900,9.050,8.770,8.700,15270.23,-2.12,9.148,9.526,9.564,17696.27,28545.86,33021.36,1.19
2012-09-24,8.550,8.730,8.690,8.300,20107.32,-0.91,9.022,9.382,9.500,16377.33,25256.83,31360.19,1.57
2012-09-25,8.690,9.340,8.890,8.560,33429.59,2.30,8.940,9.281,9.448,20169.14,24758.36,31234.00,2.61
2012-09-26,8.820,8.900,8.470,8.380,22057.81,-4.72,8.756,9.130,9.390,22173.56,23853.38,30490.14,1.72
2012-09-27,8.390,8.700,8.610,8.390,23905.35,1.65,8.686,9.006,9.360,22954.06,22402.08,29671.85,1.86
2012-09-28,8.610,8.810,8.780,8.550,18751.75,1.97,8.688,8.918,9.335,23650.36,20673.32,29335.97,1.46
2012-10-08,8.850,8.920,8.750,8.700,14961.79,-0.34,8.700,8.861,9.297,22621.26,19499.30,28313.78,1.17
2012-10-09,8.750,9.070,9.000,8.750,24632.26,2.86,8.722,8.831,9.275,20861.79,20515.47,27787.15,1.92
2012-10-10,9.000,9.110,9.110,8.900,24810.30,1.22,8.850,8.803,9.254,21412.29,21792.92,27949.24,1.93
2012-10-11,9.100,9.100,8.900,8.890,22166.02,-2.31,8.908,8.797,9.221,21064.42,22009.24,27747.05,1.73
2012-10-12,8.960,9.000,8.880,8.710,15402.75,-0.23,8.928,8.808,9.167,20394.62,22022.49,25284.18,1.20
2012-10-15,9.070,9.260,9.100,9.000,34519.07,2.48,8.998,8.849,9.116,24306.08,23463.67,24360.25,2.69
2012-10-16,9.120,9.700,9.480,9.120,87006.75,4.18,9.094,8.908,9.095,36780.98,28821.39,26789.87,6.79
2012-10-17,9.350,9.450,9.250,9.150,45105.41,-2.43,9.122,8.986,9.058,40840.00,31126.14,27489.76,3.52
2012-10-18,9.250,9.680,9.440,9.170,52882.85,2.05,9.230,9.069,9.038,46983.37,34023.90,28212.99,4.12
2012-10-19,9.380,9.590,9.350,9.320,32740.69,-0.95,9.324,9.126,9.022,50450.95,35422.79,28048.05,2.55
2012-10-22,9.260,9.470,9.450,9.130,33285.79,1.07,9.394,9.196,9.029,50204.30,37255.19,28377.24,2.60
2012-10-23,9.400,9.790,9.430,9.380,56103.60,-0.21,9.384,9.239,9.035,44023.67,40402.32,30458.89,4.38
2012-10-24,9.320,9.540,9.320,9.290,29231.55,-1.17,9.398,9.260,9.032,40848.90,40844.45,31318.69,2.28
2012-10-25,9.340,9.430,9.170,9.150,29288.42,-1.61,9.344,9.287,9.042,36130.01,41556.69,31782.97,2.28
2012-10-26,9.200,9.260,8.910,8.780,28942.23,-2.83,9.256,9.290,9.049,35370.32,42910.64,32466.57,2.26
2012-10-29,8.800,8.900,8.790,8.610,14728.94,-1.35,9.124,9.259,9.054,31658.95,40931.62,32197.65,1.15
2012-10-30,8.710,8.980,8.910,8.710,13841.51,1.36,9.020,9.202,9.055,23206.53,33615.10,31218.24,1.08
2012-10-31,8.860,8.970,8.870,8.780,10747.20,-0.45,8.930,9.164,9.075,19509.66,30179.28,30652.71,0.84
2012-11-01,8.920,9.700,9.440,8.860,69114.07,6.43,8.984,9.164,9.117,27474.79,31802.40,32913.15,5.39
2012-11-02,9.430,10.380,10.350,9.250,166146.73,9.64,9.272,9.264,9.195,54915.69,45143.00,40282.90,12.96
2012-11-05,10.090,10.350,9.970,9.820,117882.06,-3.67,9.508,9.316,9.256,75546.31,53602.63,45428.91,9.19
2012-11-06,9.780,9.860,9.760,9.530,60262.86,-2.11,9.678,9.349,9.294,84830.58,54018.56,47210.44,4.70
2012-11-07,9.700,9.780,9.680,9.560,38343.92,-0.82,9.840,9.385,9.323,90349.93,54929.79,47887.12,2.99
2012-11-08,9.530,10.200,9.550,9.400,83319.62,-1.34,9.862,9.423,9.355,93191.04,60332.91,50944.80,6.50
2012-11-09,9.530,9.680,9.550,9.380,39925.62,0.00,9.702,9.487,9.389,67946.82,61431.25,52170.94,3.11
2012-11-12,9.550,9.990,9.960,9.510,60668.45,4.29,9.700,9.604,9.432,56504.09,66025.20,53478.41,4.73
2012-11-13,9.860,9.960,9.110,9.010,57834.54,-8.53,9.570,9.624,9.413,56018.43,70424.51,52019.80,4.51
2012-11-14,9.000,9.140,9.040,8.780,40870.42,-0.77,9.442,9.641,9.403,56523.73,73436.83,51808.05,3.19
2012-11-15,8.930,9.200,8.850,8.830,26556.42,-2.10,9.302,9.582,9.373,45171.09,69181.06,50491.73,2.07
2012-11-16,8.680,8.950,8.880,8.660,18992.27,0.34,9.168,9.435,9.350,40984.42,54465.62,49804.31,1.48
2012-11-19,8.840,9.090,8.970,8.720,18266.04,1.01,8.970,9.335,9.326,32503.94,44504.02,49053.32,1.42
2012-11-20,9.060,9.150,8.950,8.920,17799.98,-0.22,8.938,9.254,9.302,24497.03,40257.73,47138.14,1.39
2012-11-21,8.950,9.200,9.170,8.800,25213.24,2.46,8.964,9.203,9.294,21365.59,38944.66,46937.23,1.97
2012-11-22,9.100,9.100,8.890,8.830,21683.57,-3.05,8.972,9.137,9.280,20391.02,32781.06,46556.98,1.69
2012-11-23,8.880,9.020,8.830,8.820,14286.64,-0.68,8.962,9.065,9.276,19449.89,30217.16,45824.20,1.11
2012-11-26,8.840,8.880,8.600,8.560,23505.08,-2.60,8.888,8.929,9.267,20497.70,26500.82,46263.01,1.83
2012-11-27,8.580,8.580,8.270,8.260,22581.47,-3.84,8.752,8.845,9.235,21454.00,22975.51,46700.01,1.76
2012-11-28,8.160,8.260,7.800,7.730,22138.55,-5.68,8.478,8.721,9.181,20839.06,21102.33,47269.58,1.73
2012-11-29,7.750,7.950,7.690,7.660,13153.47,-1.41,8.238,8.605,9.094,19133.04,19762.03,44471.55,1.03
2012-11-30,7.750,8.460,8.410,7.680,75427.36,9.36,8.154,8.558,8.997,31361.19,25405.54,39935.58,5.88
2012-12-03,8.140,8.440,8.080,8.070,53420.75,-3.92,8.050,8.469,8.902,37344.32,28921.01,36712.51,4.17
2012-12-04,8.010,8.170,8.130,7.710,34826.53,0.62,8.022,8.387,8.821,39793.33,30623.67,35440.70,2.72
2012-12-05,8.060,8.940,8.770,7.700,73882.73,7.87,8.216,8.347,8.775,50142.17,35490.62,37217.64,5.76
2012-12-06,8.610,8.820,8.630,8.550,52807.23,-1.60,8.404,8.321,8.729,58072.92,38602.98,35692.02,4.12
2012-12-07,8.680,8.800,8.760,8.570,48454.57,1.51,8.474,8.314,8.690,52678.36,42019.77,36118.47,3.78
2012-12-10,8.760,9.270,9.040,8.680,58112.08,3.20,8.666,8.358,8.644,53616.63,45480.47,35990.65,4.53
2012-12-11,9.020,9.160,8.870,8.810,45453.01,-1.88,8.814,8.418,8.632,55741.92,47767.63,35371.57,3.54
2012-12-12,8.860,8.970,8.850,8.670,34803.39,-0.23,8.830,8.523,8.622,47926.06,49034.11,35068.22,2.71
2012-12-13,8.830,9.240,8.800,8.700,44425.44,-0.56,8.864,8.634,8.620,46249.70,52161.31,35961.67,3.46
2012-12-14,8.780,9.370,9.200,8.760,69745.33,4.54,8.952,8.713,8.636,50507.85,51593.11,38499.32,5.44
2012-12-17,9.280,10.080,9.410,9.210,83505.75,2.28,9.026,8.846,8.658,55586.58,54601.61,41761.31,6.51
2012-12-18,9.300,9.550,9.230,9.110,54749.51,-1.91,9.098,8.956,8.672,57445.88,56593.90,43608.79,4.27
2012-12-19,9.100,9.360,9.250,9.070,37594.05,0.22,9.178,9.004,8.676,58004.02,52965.04,44227.83,2.93
2012-12-20,9.390,9.440,9.280,9.150,40404.91,0.32,9.274,9.069,8.695,57199.91,51724.80,45163.89,3.15
2012-12-21,9.350,9.350,9.100,9.060,37799.17,-1.94,9.254,9.103,8.709,50810.68,50659.26,46339.52,2.95
2012-12-24,9.120,9.180,9.080,9.020,21954.88,-0.22,9.188,9.107,8.733,38500.50,47043.54,46262.01,1.71
2012-12-25,9.050,9.860,9.540,9.000,83845.09,5.07,9.250,9.174,8.796,44319.62,50882.75,49325.19,6.54
2012-12-26,9.450,9.860,9.600,9.430,74558.52,0.63,9.320,9.249,8.886,51712.51,54858.27,51946.19,5.81
2012-12-27,9.610,9.690,9.370,9.360,41340.37,-2.40,9.338,9.306,8.970,51899.61,54549.76,53355.53,3.22
2012-12-28,9.360,9.750,9.730,9.350,70768.03,3.84,9.464,9.359,9.036,58493.38,54652.03,53122.57,5.52
2012-12-31,9.810,10.690,10.280,9.810,118360.90,5.65,9.704,9.446,9.146,77774.58,58137.54,56369.57,9.23
2013-01-04,10.300,10.600,10.350,10.070,87372.73,0.68,9.866,9.558,9.257,78480.11,61399.87,58996.88,6.81
2013-01-07,10.250,10.300,10.220,10.110,48290.15,-1.26,9.990,9.655,9.330,73226.44,62469.48,57717.26,3.77
2013-01-08,10.190,10.420,10.240,10.080,50556.50,0.20,10.164,9.751,9.410,75069.66,63484.63,57604.72,3.94
2013-01-09,10.200,10.350,10.080,9.950,44511.42,-1.56,10.234,9.849,9.476,69818.34,64155.86,57407.56,3.47
2013-01-10,10.120,10.400,10.200,10.020,50128.97,1.19,10.218,9.961,9.534,56171.95,66973.27,57008.41,3.91
2013-01-11,10.200,10.200,9.670,9.630,53484.62,-5.20,10.082,9.974,9.574,49394.33,63937.22,57409.99,4.17
2013-01-14,9.670,10.050,9.990,9.580,47256.88,3.31,10.036,10.013,9.631,49187.68,61207.06,58032.66,3.69
2013-01-15,10.000,10.220,10.100,9.900,54930.82,1.10,10.008,10.086,9.696,50062.54,62566.10,58557.93,4.28
2013-01-16,10.020,10.040,9.840,9.720,46252.13,-2.57,9.960,10.097,9.728,50410.68,60114.51,57383.27,3.61
2013-01-17,9.810,10.100,9.890,9.700,44138.26,0.51,9.898,10.058,9.752,49212.54,52692.25,55414.90,3.44
2013-01-18,9.860,10.300,10.290,9.830,72818.68,4.04,10.022,10.052,9.805,53079.35,51236.84,56318.35,5.68
2013-01-21,10.350,10.800,10.290,10.230,76176.46,0.00,10.082,10.059,9.857,58863.27,54025.47,58247.47,5.94
2013-01-22,10.250,10.250,10.010,9.910,47241.67,-2.72,10.064,10.036,9.894,57325.44,53693.99,58589.31,3.68
2013-01-23,9.910,10.260,10.090,9.870,40907.06,0.80,10.114,10.037,9.943,56256.43,53333.56,58744.71,3.19
2013-01-24,10.150,10.240,9.700,9.620,50289.57,-3.87,10.076,9.987,9.974,57486.69,53349.62,60161.44,3.92
2013-01-25,9.750,9.760,9.500,9.450,25295.15,-2.06,9.918,9.970,9.972,47981.98,50530.67,57233.94,1.97
2013-01-28,9.460,9.840,9.800,9.460,24797.73,3.16,9.820,9.951,9.982,37706.24,48284.75,54745.91,1.93
2013-01-29,9.800,9.970,9.780,9.760,29442.72,-0.20,9.774,9.919,10.003,34146.45,45735.94,54151.02,2.30
2013-01-30,9.790,9.960,9.960,9.730,32342.51,1.84,9.748,9.931,10.014,32433.54,44344.98,52229.75,2.52
2013-01-31,9.940,9.940,9.450,8.960,48113.55,-5.12,9.698,9.887,9.973,31998.33,44742.51,48717.38,3.75
2013-02-01,9.450,9.560,9.500,9.400,23450.59,0.53,9.698,9.808,9.930,31629.42,39805.70,45521.27,1.83
2013-02-04,9.500,9.540,9.260,9.220,28909.48,-2.53,9.590,9.705,9.882,32451.77,35079.00,44552.24,2.25
2013-02-05,9.260,9.690,9.570,9.170,35049.06,3.35,9.548,9.661,9.849,33573.04,33859.74,43776.87,2.73
2013-02-06,9.560,9.560,9.460,9.440,18168.44,-1.15,9.448,9.598,9.818,30738.22,31585.88,42459.72,1.42
2013-02-07,9.430,9.490,9.420,9.380,15591.39,-0.42,9.442,9.570,9.779,24233.79,28116.06,40732.84,1.22
2013-02-08,9.450,9.570,9.520,9.380,17809.13,1.06,9.446,9.572,9.771,23105.50,27367.46,38949.06,1.39
2013-02-18,9.520,9.660,9.630,9.500,29321.93,1.16,9.520,9.555,9.753,23187.99,27819.88,38052.32,2.29
2013-02-19,9.580,9.620,9.340,9.290,26427.97,-3.01,9.474,9.511,9.715,21463.77,27518.41,36627.17,2.06
2013-02-20,9.370,9.410,9.390,9.150,21810.14,0.54,9.460,9.454,9.693,22192.11,26465.17,35405.07,1.70
2013-02-21,9.250,9.250,8.940,8.900,31951.12,-4.79,9.364,9.403,9.645,25464.06,24848.93,34795.72,2.49
2013-02-22,8.890,9.060,8.930,8.890,17470.38,-0.11,9.246,9.346,9.577,25396.31,24250.90,32028.30,1.36
2013-02-25,9.090,9.190,9.030,8.930,14507.29,1.12,9.126,9.323,9.514,22433.38,22810.69,28944.84,1.13
2013-02-26,8.850,8.950,8.740,8.730,22560.85,-3.21,9.006,9.240,9.451,21659.96,21561.86,27710.80,1.76
2013-02-27,8.740,8.890,8.820,8.740,14697.46,0.92,8.892,9.176,9.387,20237.42,21214.77,26400.32,1.15
2013-02-28,8.900,9.200,9.090,8.870,29257.56,3.06,8.922,9.143,9.357,19698.71,22581.38,25348.72,2.28
2013-03-01,9.150,9.150,9.080,8.960,18475.80,-0.11,8.952,9.099,9.336,19899.79,22648.05,25007.75,1.44
2013-03-04,8.800,8.800,8.170,8.170,47021.46,-10.02,8.780,8.953,9.254,26402.63,24418.00,26118.94,3.67
2013-03-05,7.990,8.230,8.210,7.990,23750.39,0.49,8.674,8.840,9.176,26640.53,24150.25,25834.33,1.85
2013-03-06,8.240,8.300,8.290,8.160,23126.78,0.97,8.568,8.730,9.092,28326.40,24281.91,25373.54,1.80
2013-03-07,8.320,8.430,8.340,8.210,23475.03,0.60,8.418,8.670,9.037,27169.89,23434.30,24141.61,1.83
2013-03-08,8.380,8.380,8.230,8.200,15716.00,-1.32,8.248,8.600,8.973,26617.93,23258.86,23754.88,1.23
2013-03-11,8.210,8.340,8.290,8.150,11120.34,0.73,8.272,8.526,8.925,19437.71,22920.17,22865.43,0.87
2013-03-12,8.290,8.390,8.130,8.090,19868.35,-1.93,8.256,8.465,8.853,18661.30,22650.92,22106.39,1.55
2013-03-13,8.160,8.180,8.140,8.050,10156.64,0.12,8.226,8.397,8.787,16067.27,22196.84,21705.80,0.79
2013-03-14,8.140,8.370,8.270,8.120,16902.87,1.60,8.212,8.315,8.729,14752.84,20961.37,21771.37,1.32
2013-03-15,8.270,8.310,8.200,8.050,19009.01,-0.85,8.206,8.227,8.663,15411.44,21014.69,21831.37,1.48
2013-03-18,8.200,8.300,8.210,8.160,11322.49,0.12,8.190,8.231,8.592,15451.87,17444.79,20931.40,0.88
2013-03-19,8.260,8.550,8.550,8.200,37221.73,4.14,8.274,8.265,8.553,18922.55,18791.92,21471.08,2.90
2013-03-20,8.510,8.630,8.600,8.350,51438.73,0.58,8.366,8.296,8.513,27178.97,21623.12,22952.51,4.01
2013-03-21,8.590,8.590,8.450,8.420,33119.41,-1.74,8.402,8.307,8.489,30422.27,22587.56,23010.93,2.58
2013-03-22,8.420,9.150,9.020,8.400,103367.13,6.75,8.566,8.386,8.493,47293.90,31352.67,27305.77,8.06
2013-03-25,8.900,9.140,8.950,8.800,64153.47,-0.78,8.714,8.452,8.489,57860.09,36655.98,29788.08,5.00
2013-03-26,8.830,8.950,8.830,8.750,29073.07,-1.34,8.770,8.522,8.494,56230.36,37576.46,30113.69,2.27
2013-03-27,8.730,8.900,8.760,8.660,25870.70,-0.79,8.802,8.584,8.491,51116.76,39147.86,30672.35,2.02
2013-03-28,8.680,8.680,8.340,8.300,24153.70,-4.79,8.780,8.591,8.453,49323.61,39872.94,30417.16,1.88
2013-03-29,8.400,8.580,8.540,8.230,26971.28,2.40,8.684,8.625,8.426,34044.44,40669.17,30841.93,2.10
2013-04-01,8.500,8.800,8.700,8.450,36608.30,1.87,8.634,8.674,8.453,28535.41,43197.75,30321.27,2.86
2013-04-02,8.670,8.870,8.700,8.620,30825.73,0.00,8.608,8.689,8.477,28885.94,42558.15,30675.04,2.40
2013-04-03,8.680,8.750,8.620,8.540,20353.85,-0.92,8.580,8.691,8.494,27782.57,39449.66,30536.39,1.59
2013-04-08,8.460,8.460,8.350,8.260,20225.50,-3.13,8.582,8.681,8.494,26996.93,38160.27,30373.91,1.58
2013-04-09,8.350,8.520,8.490,8.340,15718.47,1.68,8.572,8.628,8.507,24746.37,29395.41,30374.04,1.23
2013-04-10,8.490,8.720,8.600,8.460,25319.34,1.30,8.552,8.593,8.523,22488.58,25511.99,31083.99,1.97
2013-04-11,8.600,8.700,8.560,8.450,20965.57,-0.47,8.524,8.566,8.544,20516.55,24701.24,31138.85,1.64
2013-04-12,8.540,8.660,8.600,8.500,13945.74,0.47,8.520,8.550,8.567,19234.92,23508.75,31328.30,1.09
2013-04-15,8.600,8.750,8.750,8.320,22465.37,1.74,8.600,8.591,8.591,19682.90,23339.92,31606.43,1.75
2013-04-16,8.640,8.850,8.810,8.630,33056.63,0.69,8.664,8.618,8.622,23150.53,23948.45,32308.81,2.58
2013-04-17,8.850,8.850,8.760,8.680,27689.95,-0.57,8.696,8.624,8.649,23624.65,23056.62,33127.18,2.16
2013-04-18,8.700,8.810,8.700,8.610,22170.44,-0.69,8.724,8.624,8.657,23865.63,22191.09,32374.62,1.73
2013-04-19,8.600,8.800,8.800,8.600,26686.54,1.15,8.764,8.642,8.667,26413.79,22824.36,31137.01,2.08
2013-04-22,8.740,8.750,8.720,8.660,20812.10,-0.91,8.758,8.679,8.680,26083.13,22883.02,30521.64,1.62
2013-04-23,8.720,8.720,8.470,8.400,20349.38,-2.87,8.690,8.677,8.653,23541.68,23346.11,26370.76,1.59
2013-04-24,8.490,8.590,8.550,8.310,13122.51,0.94,8.648,8.672,8.633,20628.19,22126.42,23819.21,1.02
2013-04-25,8.490,8.530,8.350,8.330,13678.46,-2.34,8.578,8.651,8.609,18929.80,21397.71,23049.48,1.07
2013-04-26,8.330,8.430,8.210,8.150,7043.83,-1.68,8.460,8.612,8.581,15001.26,20707.52,22108.13,0.55
2013-05-02,8.210,8.330,8.210,8.100,7424.08,0.00,8.358,8.558,8.575,12323.65,19203.39,21271.65,0.58
2013-05-03,8.200,8.430,8.330,8.200,8021.71,1.46,8.330,8.510,8.564,9858.12,16699.90,20324.17,0.63
2013-05-06,8.430,8.450,8.410,8.350,5625.68,0.96,8.302,8.475,8.550,8358.75,14493.47,18775.04,0.44
2013-05-07,8.410,8.510,8.460,8.400,7438.95,0.59,8.324,8.451,8.538,7110.85,13020.32,17605.70,0.58
2013-05-08,8.460,8.750,8.590,8.460,12872.20,1.54,8.400,8.430,8.536,8276.52,11638.89,17231.62,1.00
2013-05-09,8.570,8.630,8.490,8.450,9796.83,-1.16,8.456,8.407,8.543,8751.07,10537.36,16710.19,0.76
2013-05-10,8.430,8.610,8.610,8.370,10410.44,1.41,8.512,8.421,8.549,9228.82,9543.47,16444.79,0.81
2013-05-13,8.590,8.670,8.560,8.520,9064.07,-0.58,8.542,8.422,8.547,9916.50,9137.63,15632.02,0.71
2013-05-14,8.520,8.540,8.420,8.390,7472.08,-1.64,8.534,8.429,8.540,9923.12,8516.99,14957.35,0.58
2013-05-15,8.520,8.520,8.490,8.420,5480.07,0.83,8.514,8.457,8.535,8444.70,8360.61,14534.07,0.43
2013-05-16,8.500,8.720,8.720,8.410,21433.19,2.71,8.560,8.508,8.533,10771.97,9761.52,14482.46,1.67
2013-05-17,8.760,9.070,8.890,8.710,37311.96,1.95,8.616,8.564,8.537,16152.27,12690.55,14695.22,2.91
2013-05-20,8.890,9.070,8.920,8.820,35819.96,0.34,8.688,8.615,8.545,21503.45,15709.98,15101.72,2.79
2013-05-21,8.850,8.930,8.910,8.770,21848.04,-0.11,8.786,8.660,8.556,24378.64,17150.88,15085.60,1.70
2013-05-22,8.890,9.090,8.980,8.850,34638.86,0.79,8.884,8.699,8.565,30210.40,19327.55,15483.22,2.70
2013-05-23,8.990,9.150,8.820,8.800,26423.27,-1.78,8.904,8.732,8.570,31208.42,20990.19,15763.78,2.06
2013-05-24,8.800,8.910,8.780,8.680,17440.07,-0.45,8.882,8.749,8.585,27234.04,21693.16,15618.31,1.36
2013-05-27,8.750,8.820,8.780,8.640,18806.35,0.00,8.854,8.771,8.597,23831.32,22667.39,15902.51,1.47
2013-05-28,8.800,9.190,9.140,8.710,54508.92,4.10,8.900,8.843,8.636,30363.49,27371.07,17944.03,4.25
2013-05-29,9.150,9.290,9.080,9.000,38075.99,-0.66,8.920,8.902,8.680,31050.92,30630.66,19495.64,2.97
2013-05-30,9.050,9.080,8.970,8.850,25431.70,-1.21,8.950,8.927,8.718,30852.61,31030.51,20396.02,1.98
2013-05-31,8.980,9.040,8.940,8.900,15961.23,-0.33,8.982,8.932,8.748,30556.84,28895.44,20792.99,1.24
2013-06-03,8.930,9.180,9.050,8.900,25706.69,1.23,9.036,8.945,8.780,31936.91,27884.11,21797.04,2.00
2013-06-04,9.040,9.040,8.780,8.720,21335.09,-2.98,8.964,8.932,8.796,25302.14,27832.82,22491.85,1.66
2013-06-05,8.750,9.100,9.080,8.680,28698.85,3.42,8.964,8.942,8.821,23426.71,27238.82,23283.18,2.24
2013-06-06,9.030,9.300,9.200,8.970,87198.19,1.32,9.010,8.980,8.856,35780.01,33316.31,27153.25,6.80
2013-06-07,9.180,9.600,9.430,8.950,104712.92,2.50,9.108,9.045,8.897,53530.35,42043.59,31868.37,8.17
2013-06-13,9.250,9.250,9.070,8.830,95478.41,-3.82,9.112,9.074,8.923,67484.69,49710.80,36189.09,7.45
2013-06-14,9.030,9.500,9.120,8.880,74154.78,0.55,9.180,9.072,8.958,78048.63,51675.38,39523.23,5.78
2013-06-17,8.910,9.150,9.000,8.760,49779.81,-1.32,9.164,9.064,8.983,82264.82,52845.77,41738.21,3.88
2013-06-18,8.950,9.150,9.100,8.810,52439.71,1.11,9.144,9.077,9.002,75313.13,55546.57,43288.54,4.09
2013-06-19,9.000,9.000,8.900,8.720,33661.61,-2.20,9.038,9.073,9.003,61102.86,57316.61,43106.02,2.63
2013-06-20,8.800,9.000,8.560,8.450,53185.74,-3.82,8.936,9.024,8.985,52644.33,60064.51,43974.31,4.15
2013-06-21,8.400,8.870,8.770,8.100,36677.44,2.45,8.866,9.023,8.978,45148.86,61598.75,44715.78,2.86
2013-06-24,8.750,9.180,8.730,8.330,68247.27,-0.46,8.812,8.988,8.965,48842.35,65553.59,46396.20,5.32
2013-06-25,8.550,8.670,8.650,7.860,33604.79,-0.92,8.722,8.933,8.957,45075.37,60194.25,46755.28,2.62
2013-06-26,8.490,8.700,8.370,8.220,65289.93,-3.24,8.616,8.827,8.936,51401.03,56251.95,49147.77,5.09
2013-06-27,8.180,8.360,7.740,7.680,50198.56,-7.53,8.452,8.694,8.884,50803.60,51723.96,50717.38,3.92
2013-06-28,7.700,7.970,7.340,7.260,49414.73,-5.17,8.166,8.516,8.794,53351.06,49249.96,50462.67,3.85
2013-07-01,7.270,7.300,7.170,6.990,36978.38,-2.32,7.854,8.333,8.699,47097.28,47969.82,50407.79,2.88
2013-07-02,7.160,7.330,7.250,7.130,25869.06,1.12,7.574,8.148,8.613,45550.13,45312.75,50429.66,2.02
2013-07-03,7.210,7.210,7.020,6.850,26254.75,-3.17,7.304,7.960,8.517,37743.10,44572.07,50944.34,2.05
2013-07-04,7.000,7.220,7.200,6.920,25107.86,2.56,7.196,7.824,8.424,32724.96,41764.28,50914.39,1.96
2013-07-05,7.210,7.420,7.260,7.210,25285.67,0.83,7.180,7.673,8.348,27899.14,40625.10,51111.92,1.97
2013-07-08,7.150,7.180,6.750,6.750,20276.33,-7.03,7.096,7.475,8.232,24558.73,35828.01,50690.80,1.58
2013-07-09,6.750,6.860,6.750,6.620,11855.30,0.00,6.996,7.285,8.109,21755.98,33653.06,46923.65,0.92
2013-07-10,6.780,7.030,7.010,6.700,17492.80,3.85,6.994,7.149,7.988,20003.59,28873.34,42562.65,1.36
2013-07-11,7.000,7.410,7.310,6.950,36602.43,4.28,7.016,7.106,7.900,22302.51,27513.73,39618.85,2.85
2013-07-12,7.310,7.330,7.140,7.110,19244.31,-2.33,6.992,7.086,7.801,21094.23,24496.69,36873.32,1.50
2013-07-15,7.130,7.290,7.230,7.120,16036.05,1.26,7.088,7.092,7.713,20246.18,22402.46,35186.14,1.25
2013-07-16,7.250,7.270,7.260,7.130,15137.53,0.41,7.190,7.093,7.621,20902.62,21329.30,33321.03,1.18
2013-07-17,7.260,7.550,7.310,7.110,31466.37,0.69,7.250,7.122,7.541,23697.34,21850.46,33211.26,2.45
2013-07-18,7.250,7.340,7.140,7.100,22835.78,-2.33,7.216,7.116,7.470,20944.01,21623.26,31693.77,1.78
2013-07-19,7.150,7.160,6.760,6.760,23724.11,-5.32,7.140,7.066,7.370,21839.97,21467.10,31046.10,1.85
2013-07-22,6.750,6.850,6.840,6.700,11539.63,1.18,7.062,7.075,7.275,20940.68,20593.43,28210.72,0.90
2013-07-23,6.840,7.050,6.980,6.830,14251.94,2.05,7.006,7.098,7.192,20763.57,20833.09,27243.08,1.11
2013-07-24,6.950,6.970,6.850,6.760,16965.82,-1.86,6.914,7.082,7.116,17863.46,20780.40,24826.87,1.32
2013-07-25,6.870,6.950,6.910,6.820,12732.09,0.88,6.868,7.042,7.074,15842.72,18393.36,22953.55,0.99
2013-07-26,6.910,6.940,6.870,6.760,8021.01,-0.58,6.890,7.015,7.051,12702.10,17271.03,20883.86,0.63
2013-07-29,6.850,6.850,6.710,6.650,12766.77,-2.33,6.864,6.963,7.028,12947.53,16944.11,19673.28,1.00
2013-07-30,6.670,6.820,6.740,6.620,9414.10,0.45,6.816,6.911,7.002,11979.96,16371.76,18850.53,0.73
2013-07-31,6.910,7.200,6.870,6.830,22617.75,1.93,6.820,6.867,6.995,13110.34,15486.90,18668.68,1.76
2013-08-01,6.900,7.180,7.150,6.820,28907.04,4.08,6.868,6.868,6.992,16345.33,16094.03,18858.64,2.25
2013-08-02,7.230,7.390,7.200,7.180,30460.33,0.70,6.934,6.912,6.989,20833.20,16767.65,19117.37,2.38
2013-08-05,7.170,7.200,7.190,7.060,15603.59,-0.14,7.030,6.947,7.011,21400.56,17174.04,18883.74,1.22
2013-08-06,7.170,7.260,7.210,7.110,13503.73,0.28,7.124,6.970,7.034,22218.49,17099.22,18966.16,1.05
2013-08-07,7.210,7.380,7.210,7.200,22398.89,0.00,7.192,7.006,7.044,22174.72,17642.53,19211.46,1.75
2013-08-08,7.220,7.300,7.280,7.180,17672.52,0.97,7.218,7.043,7.043,19927.81,18136.57,18264.97,1.38
2013-08-09,7.240,7.370,7.370,7.230,17323.05,1.24,7.252,7.093,7.054,17300.36,19066.78,18168.91,1.35
2013-08-12,7.360,7.790,7.720,7.330,30839.85,4.75,7.358,7.194,7.079,20347.61,20874.09,18909.10,2.40
2013-08-13,7.680,7.700,7.640,7.540,17787.80,-1.04,7.444,7.284,7.098,21204.42,21711.46,19041.61,1.39
2013-08-14,7.650,7.710,7.600,7.570,18271.80,-0.52,7.522,7.357,7.112,20379.00,21276.86,18381.88,1.42
2013-08-15,7.560,7.700,7.550,7.510,17337.99,-0.66,7.576,7.397,7.133,20312.10,20119.96,18106.99,1.35
2013-08-16,7.510,7.750,7.460,7.440,16366.43,-1.19,7.594,7.423,7.168,20120.77,18710.57,17739.11,1.28
2013-08-19,7.300,7.370,7.360,7.150,18403.57,-1.34,7.522,7.440,7.194,17633.52,18990.56,18082.30,1.44
2013-08-20,7.350,7.450,7.300,7.270,10412.62,-0.81,7.454,7.449,7.210,16158.48,18681.45,17890.34,0.81
2013-08-21,7.300,7.330,7.280,7.230,10802.97,-0.27,7.390,7.456,7.231,14664.72,17521.86,17582.20,0.84
2013-08-22,7.260,7.450,7.390,7.200,10561.29,1.51,7.358,7.467,7.255,13309.38,16810.74,17473.66,0.82
2013-08-23,7.390,7.450,7.240,7.160,10342.28,-2.03,7.314,7.454,7.274,12104.55,16112.66,17589.72,0.81
2013-08-26,7.240,7.380,7.370,7.240,11395.54,1.80,7.316,7.419,7.307,10702.94,14168.23,17521.16,0.89
2013-08-27,7.370,7.460,7.440,7.300,16047.21,0.95,7.344,7.399,7.342,11829.86,13994.17,17852.81,1.25
2013-08-28,7.400,7.480,7.400,7.300,13208.90,-0.54,7.368,7.379,7.368,12311.04,13487.88,17382.37,1.03
2013-08-29,7.840,8.140,8.140,7.820,129311.75,10.00,7.518,7.438,7.418,36061.14,24685.26,22402.61,10.08
2013-08-30,8.150,8.650,8.240,7.960,117039.76,1.23,7.718,7.516,7.470,57400.63,34752.59,26731.58,9.13
2013-09-02,8.150,8.150,7.660,7.470,63422.09,-7.04,7.776,7.546,7.493,67805.94,39254.44,29122.50,4.95
2013-09-03,7.620,8.010,7.950,7.550,52441.99,3.79,7.878,7.611,7.530,75084.90,43457.38,31069.42,4.09
2013-09-04,8.010,8.080,7.780,7.700,46686.55,-2.14,7.954,7.661,7.559,81780.43,47045.74,32283.80,3.64
2013-09-05,7.690,7.840,7.720,7.640,29850.55,-0.77,7.870,7.694,7.581,61888.19,48974.66,32892.70,2.33
2013-09-06,7.700,7.740,7.610,7.570,39115.25,-1.43,7.744,7.731,7.593,46303.29,51851.96,33982.31,3.05
2013-09-09,7.650,7.910,7.830,7.540,48514.15,2.89,7.778,7.777,7.598,43321.70,55563.82,34866.02,3.78
2013-09-10,7.780,7.930,7.850,7.750,39792.62,0.26,7.758,7.818,7.609,40791.82,57938.36,35966.27,3.10
2013-09-11,7.870,7.920,7.830,7.740,37149.61,-0.26,7.768,7.861,7.620,38884.44,60332.43,36910.16,2.90
2013-09-12,7.800,8.340,7.990,7.670,59987.00,2.04,7.822,7.846,7.642,44911.73,53399.96,39042.61,4.68
2013-09-13,7.890,7.960,7.930,7.810,35909.77,-0.75,7.886,7.815,7.666,44270.63,45286.96,40019.77,2.80
2013-09-16,7.900,7.960,7.820,7.810,18890.14,-1.39,7.884,7.831,7.689,38345.83,40833.76,40044.10,1.47
2013-09-17,7.820,7.850,7.610,7.610,19161.51,-2.69,7.836,7.797,7.704,34219.61,37505.71,40481.55,1.49
2013-09-18,7.540,7.660,7.500,7.490,24229.65,-1.45,7.770,7.769,7.715,31635.61,35260.03,41152.88,1.89
2013-09-23,7.520,7.630,7.610,7.520,23038.09,1.47,7.694,7.758,7.726,24245.83,34578.78,41776.72,1.80
2013-09-24,7.630,7.720,7.630,7.460,32431.71,0.26,7.634,7.760,7.746,23550.22,33910.43,42881.19,2.53
2013-09-25,7.580,7.660,7.570,7.540,24227.24,-0.79,7.584,7.734,7.756,24617.64,31481.73,43522.78,1.89
2013-09-26,7.570,7.590,7.350,7.350,19615.24,-2.91,7.532,7.684,7.751,24708.39,29464.00,43701.18,1.53
2013-09-27,7.390,7.400,7.320,7.260,12137.27,-0.41,7.496,7.633,7.747,22289.91,26962.76,43647.60,0.95
2013-09-30,7.330,7.380,7.360,7.270,11120.31,0.55,7.446,7.570,7.708,19906.35,22076.09,37738.03,0.87
2013-10-08,7.320,7.570,7.540,7.310,17686.94,2.45,7.428,7.531,7.673,16957.40,20253.81,32770.38,1.38
2013-10-09,7.530,7.630,7.620,7.460,18891.09,1.06,7.438,7.511,7.671,15890.17,20253.91,30543.83,1.47
2013-10-10,7.620,7.660,7.600,7.490,21055.93,-0.26,7.488,7.510,7.654,16178.31,20443.35,28974.53,1.64
2013-10-11,7.600,7.770,7.770,7.550,29714.97,2.24,7.578,7.537,7.653,19693.85,20991.88,28125.95,2.32
2013-10-14,7.770,7.780,7.730,7.670,21474.39,-0.52,7.652,7.549,7.654,21764.66,20835.51,27707.14,1.67
2013-10-15,7.700,7.720,7.660,7.570,19258.04,-0.91,7.676,7.552,7.656,22078.88,19518.14,26714.28,1.50
2013-10-16,7.640,7.640,7.410,7.350,20067.19,-3.26,7.634,7.536,7.635,22314.10,19102.14,25291.94,1.56
2013-10-17,7.470,7.550,7.520,7.420,13989.90,1.48,7.618,7.553,7.619,20900.90,18539.60,24001.80,1.09
2013-10-18,7.480,7.600,7.590,7.460,12709.13,0.93,7.582,7.580,7.607,17499.73,18596.79,22779.78,0.99
2013-10-21,7.570,7.640,7.590,7.520,24757.45,0.00,7.554,7.603,7.587,18156.34,19960.50,21018.30,1.93
2013-10-22,7.590,7.630,7.590,7.550,17259.86,0.00,7.540,7.608,7.570,17756.71,19917.79,20085.80,1.35
2013-10-23,7.640,7.780,7.510,7.500,26634.87,-1.05,7.560,7.597,7.554,19070.24,20692.17,20473.04,2.08
2013-10-24,7.520,7.520,7.260,7.240,19936.98,-3.33,7.508,7.563,7.537,20259.66,20580.28,20511.81,1.55
2013-10-25,7.270,7.300,7.110,7.100,13773.02,-2.07,7.412,7.497,7.517,20472.44,18986.08,19988.98,1.07
2013-10-28,7.110,7.110,6.970,6.920,14949.06,-1.97,7.288,7.421,7.485,18510.76,18333.55,19584.53,1.17
2013-10-29,6.970,7.040,6.840,6.670,14835.22,-1.86,7.138,7.339,7.446,18025.83,17891.27,18704.71,1.16
2013-10-30,6.800,6.920,6.900,6.780,8645.99,0.88,7.016,7.288,7.412,14428.05,16749.15,17925.64,0.67
2013-10-31,6.910,7.080,7.000,6.910,14711.51,1.45,6.964,7.236,7.395,13382.96,16821.31,17680.46,1.15
2013-11-01,6.980,7.070,7.000,6.940,8194.33,0.00,6.942,7.177,7.379,12267.22,16369.83,17483.31,0.64
2013-11-04,6.990,7.010,6.960,6.910,6286.18,-0.57,6.940,7.114,7.359,10534.65,14522.70,17241.60,0.49
2013-11-05,6.950,7.010,7.000,6.820,9105.07,0.57,6.972,7.055,7.332,9388.62,13707.22,16812.51,0.71
2013-11-06,6.990,7.270,6.980,6.890,17223.56,-0.29,6.988,7.002,7.300,11104.13,12766.09,16729.13,1.34
2013-11-07,6.980,7.000,6.900,6.900,8351.84,-1.15,6.968,6.966,7.265,9832.20,11607.58,16093.93,0.65
2013-11-08,6.920,6.920,6.760,6.740,10383.39,-2.03,6.920,6.931,7.214,10270.01,11268.62,15127.35,0.81
2013-11-11,6.720,6.910,6.840,6.720,6708.51,1.18,6.896,6.918,7.170,10354.47,10444.56,14389.05,0.52
2013-11-12,6.830,6.940,6.880,6.800,6010.96,0.58,6.872,6.922,7.131,9735.65,9562.13,13726.70,0.47
2013-11-13,6.880,7.070,6.800,6.770,9849.33,-1.16,6.836,6.912,7.100,8260.81,9682.47,13215.81,0.77
2013-11-14,6.800,6.900,6.830,6.790,5118.53,0.44,6.822,6.895,7.066,7614.14,8723.17,12772.24,0.40
2013-11-15,6.810,7.030,6.940,6.810,13054.93,1.61,6.858,6.889,7.033,8148.45,9209.23,12789.53,1.02
2013-11-18,6.940,7.130,7.080,6.920,17801.13,2.02,6.906,6.901,7.008,10366.98,10360.73,12441.71,1.39
2013-11-19,7.070,7.140,7.080,7.020,12321.36,0.00,6.946,6.909,6.982,11629.06,10682.35,12194.79,0.96
2013-11-20,7.090,7.140,7.130,7.010,12266.44,0.71,7.012,6.924,6.963,12112.48,10186.64,11476.37,0.96
2013-11-21,7.130,7.320,7.190,6.990,33123.58,0.84,7.084,6.953,6.960,17713.49,12663.82,12135.70,2.58
2013-11-22,7.140,7.380,7.130,7.090,25212.32,-0.83,7.122,6.990,6.961,20144.97,14146.71,12707.66,1.97
2013-11-25,7.060,7.200,7.060,6.980,15338.46,-0.98,7.118,7.012,6.965,19652.43,15009.70,12727.13,1.20
2013-11-26,7.060,7.180,7.040,7.030,12559.44,-0.28,7.110,7.028,6.975,19700.05,15664.55,12613.34,0.98
2013-11-27,7.060,7.130,7.080,7.030,11589.40,0.57,7.100,7.056,6.984,19564.64,15838.56,12760.51,0.90
2013-11-28,7.070,7.250,7.150,7.070,15975.93,0.99,7.092,7.088,6.992,16135.11,16924.30,12823.73,1.25
2013-11-29,7.180,7.280,7.200,7.100,18757.38,0.70,7.106,7.114,7.002,14844.12,17494.54,13351.89,1.46
2013-12-02,7.120,7.120,6.880,6.830,23057.05,-4.44,7.070,7.094,6.998,16387.84,18020.14,14190.43,1.80
2013-12-03,6.850,6.980,6.930,6.790,11032.97,0.73,7.048,7.079,6.994,16082.55,17891.30,14286.83,0.86
2013-12-04,6.930,7.190,7.040,6.910,20152.93,1.59,7.040,7.070,6.997,17795.25,18679.95,14433.29,1.57
2013-12-05,7.040,7.120,7.050,7.010,8792.85,0.14,7.020,7.056,7.005,16358.64,16246.87,14455.34,0.69
2013-12-06,7.040,7.100,7.080,6.980,11640.81,0.43,6.996,7.051,7.021,14935.32,14889.72,14518.22,0.91
2013-12-09,7.100,7.100,7.070,7.050,7929.85,-0.14,7.034,7.052,7.032,11909.88,14148.86,14579.28,0.62
2013-12-10,7.090,7.160,7.120,7.050,12649.37,0.71,7.072,7.060,7.044,12233.16,14157.85,14911.20,0.99
2013-12-11,7.080,7.100,6.950,6.940,13745.98,-2.39,7.054,7.047,7.052,10951.77,14373.51,15106.04,1.07
2013-12-12,6.910,7.140,7.050,6.910,16954.54,1.44,7.054,7.037,7.063,12584.11,14471.37,15697.84,1.32
2013-12-13,7.040,7.100,7.040,7.000,9401.96,-0.14,7.046,7.021,7.068,12136.34,13535.83,15515.19,0.73
2013-12-16,7.060,7.100,6.960,6.940,8789.29,-1.14,7.024,7.029,7.062,12308.23,12109.06,15064.60,0.69
2013-12-17,6.970,6.990,6.910,6.890,7500.50,-0.72,6.982,7.027,7.053,11278.45,11755.81,14823.55,0.58
2013-12-18,6.910,7.000,6.950,6.880,4940.18,0.58,6.982,7.018,7.044,9517.29,10234.53,14457.24,0.39
2013-12-19,6.950,6.990,6.880,6.870,7362.16,-1.01,6.948,7.001,7.029,7598.82,10091.46,13169.17,0.57
2013-12-20,6.880,6.900,6.750,6.730,8683.22,-1.89,6.890,6.968,7.010,7455.07,9795.71,12342.71,0.68
2013-12-23,6.720,6.780,6.600,6.570,9945.40,-2.22,6.818,6.921,6.987,7686.29,9997.26,12073.06,0.78
2013-12-24,6.610,6.750,6.700,6.610,9087.64,1.51,6.776,6.879,6.970,8003.72,9641.09,11899.47,0.71
2013-12-25,6.660,6.700,6.650,6.600,7231.34,-0.75,6.716,6.849,6.948,8461.95,8989.62,11681.57,0.56
2013-12-26,6.630,6.640,6.500,6.500,11287.05,-2.26,6.640,6.794,6.916,9246.93,8422.87,11447.12,0.88
2013-12-27,6.450,6.680,6.670,6.400,14177.24,2.62,6.624,6.757,6.889,10345.73,8900.40,11218.12,1.11
2013-12-30,6.670,6.860,6.820,6.640,11711.64,2.25,6.668,6.743,6.886,10698.98,9192.64,10650.85,0.91
2013-12-31,6.790,7.060,6.950,6.700,32528.82,1.91,6.718,6.747,6.887,15387.22,11695.47,11725.64,2.54
2014-01-02,6.940,6.940,6.870,6.800,7020.30,-1.15,6.762,6.739,6.879,15345.01,11903.48,11069.01,0.55
2014-01-03,6.860,6.870,6.760,6.700,6393.23,-1.60,6.814,6.727,6.864,14366.25,11806.59,10949.03,0.50
2014-01-06,6.800,6.800,6.580,6.520,9533.36,-2.66,6.796,6.710,6.839,13437.47,11891.60,10843.65,0.74
2014-01-07,6.630,6.630,6.580,6.500,3335.13,0.00,6.748,6.708,6.815,11762.17,11230.58,10613.92,0.26
2014-01-08,6.590,6.700,6.680,6.500,8952.86,1.52,6.694,6.706,6.793,7046.98,11217.10,10429.09,0.70
2014-01-09,6.640,6.690,6.430,6.410,9119.00,-3.74,6.606,6.684,6.767,7466.72,11405.86,10197.74,0.71
2014-01-10,6.420,6.440,6.320,6.300,6037.50,-1.71,6.518,6.666,6.730,7395.57,10880.91,9651.89,0.47
2014-01-13,6.300,6.380,6.210,6.180,8867.92,-1.74,6.444,6.620,6.689,7262.48,10349.98,9625.19,0.69
2014-01-14,6.190,6.290,6.280,6.160,3851.33,1.13,6.384,6.566,6.655,7365.72,9563.95,9378.29,0.30
2014-01-15,6.250,6.320,6.290,6.220,4193.32,0.16,6.306,6.500,6.624,6413.81,6730.40,9212.93,0.33
2014-01-16,6.330,6.430,6.350,6.280,4746.50,0.95,6.290,6.448,6.594,5539.31,6503.02,9203.25,0.37
2014-01-17,6.400,6.400,6.280,6.270,4205.21,-1.10,6.282,6.400,6.564,5172.86,6284.21,9045.40,0.33
2014-01-20,6.280,6.290,6.170,6.120,4382.00,-1.75,6.274,6.359,6.535,4275.67,5769.08,8830.34,0.34
2014-01-21,6.120,6.250,6.200,6.100,5765.13,0.49,6.258,6.321,6.515,4658.43,6012.08,8621.33,0.45
2014-01-22,6.180,6.420,6.400,6.180,10267.83,3.23,6.280,6.293,6.500,5873.33,6143.57,8680.34,0.80
2014-01-23,6.410,6.440,6.340,6.340,7603.61,-0.94,6.278,6.284,6.484,6444.76,5992.04,8698.95,0.59
2014-01-24,6.320,6.530,6.480,6.310,9519.94,2.21,6.318,6.300,6.483,7507.70,6340.28,8610.59,0.74
2014-01-27,6.460,6.460,6.390,6.360,5621.12,-1.39,6.362,6.318,6.469,7755.53,6015.60,8182.79,0.44
2014-01-28,6.420,6.440,6.370,6.370,4818.48,-0.31,6.396,6.327,6.447,7566.20,6112.31,7838.13,0.38
2014-01-29,6.440,6.440,6.390,6.360,3900.26,0.31,6.394,6.337,6.419,6292.68,6083.01,6406.70,0.30
2014-01-30,6.380,6.430,6.350,6.320,4307.30,-0.63,6.396,6.337,6.393,5633.42,6039.09,6271.05,0.34
2014-02-07,6.320,6.420,6.400,6.310,2973.43,0.79,6.380,6.349,6.375,4324.12,5915.91,6100.06,0.23
2014-02-10,6.400,6.540,6.520,6.400,10548.81,1.88,6.406,6.384,6.372,5309.66,6532.59,6150.83,0.82
2014-02-11,6.520,6.610,6.570,6.490,8493.78,0.77,6.446,6.421,6.371,6044.72,6805.46,6408.77,0.66
2014-02-12,6.550,6.680,6.670,6.550,11071.43,1.52,6.502,6.448,6.371,7478.95,6885.82,6514.70,0.86
2014-02-13,6.660,7.330,6.780,6.660,18423.15,1.65,6.588,6.492,6.388,10302.12,7967.77,6979.90,1.44
2014-02-14,6.850,6.880,6.780,6.720,11055.44,0.00,6.664,6.522,6.411,11918.52,8121.32,7230.80,0.86
2014-02-17,6.780,6.840,6.790,6.770,8825.07,0.15,6.718,6.562,6.440,11573.77,8441.72,7228.66,0.69
2014-02-18,6.800,6.960,6.810,6.780,13982.69,0.29,6.766,6.606,6.467,12671.56,9358.14,7735.23,1.09
2014-02-19,6.810,6.930,6.840,6.780,9560.54,0.44,6.800,6.651,6.494,12369.38,9924.16,8003.59,0.75
2014-02-20,6.840,6.880,6.720,6.720,9510.16,-1.75,6.788,6.688,6.513,10586.78,10444.45,8241.77,0.74
2014-02-21,6.720,6.770,6.620,6.530,12557.24,-1.49,6.756,6.710,6.530,10887.14,11402.83,8659.37,0.98
2014-02-24,6.600,6.600,6.380,6.290,16625.45,-3.62,6.674,6.696,6.540,12447.22,12010.50,9271.54,1.30
2014-02-25,6.390,6.390,6.300,6.210,13948.59,-1.25,6.572,6.669,6.545,12440.40,12555.98,9680.72,1.09
2014-02-26,6.280,6.800,6.390,6.220,8626.00,1.43,6.482,6.641,6.545,12253.49,12311.43,9598.62,0.67
2014-02-27,6.390,6.400,6.300,6.250,8781.13,-1.41,6.398,6.593,6.543,12107.68,11347.23,9657.50,0.68
2014-02-28,6.260,6.330,6.320,6.120,10611.71,0.32,6.338,6.547,6.535,11718.58,11302.86,9712.09,0.83
2014-03-03,6.280,6.440,6.440,6.260,14313.27,1.90,6.350,6.512,6.537,11256.14,11851.68,10146.70,1.12
2014-03-04,6.430,6.700,6.550,6.400,26253.37,1.71,6.400,6.486,6.546,13717.10,13078.75,11218.44,2.05
2014-03-05,6.580,6.590,6.400,6.350,17430.94,-2.29,6.402,6.442,6.547,15478.08,13865.79,11894.98,1.36
2014-03-06,6.400,6.650,6.590,6.350,22904.26,2.97,6.460,6.429,6.559,18302.71,15205.20,12824.82,1.79
2014-03-07,6.550,6.580,6.450,6.440,19787.99,-2.12,6.486,6.412,6.561,20137.97,15928.27,13665.55,1.54
2014-03-10,6.410,6.410,6.240,6.200,16398.61,-3.26,6.446,6.398,6.547,20555.03,15905.59,13958.04,1.28
2014-03-11,6.190,6.330,6.300,6.190,8343.18,0.96,6.396,6.398,6.534,16973.00,15345.05,13950.51,0.65
2014-03-12,6.330,6.530,6.370,6.250,13344.17,1.11,6.390,6.396,6.519,16155.64,15816.86,14064.15,1.04
2014-03-13,6.390,6.490,6.370,6.340,12279.50,0.00,6.346,6.403,6.498,14030.69,16166.70,13756.97,0.96
2014-03-14,6.370,6.430,6.350,6.290,7780.39,-0.31,6.326,6.406,6.477,11629.17,15883.57,13593.21,0.61
2014-03-17,6.400,6.430,6.420,6.360,7886.75,1.10,6.362,6.404,6.458,9926.80,15240.92,13546.30,0.61
2014-03-18,6.420,6.440,6.400,6.370,9358.22,-0.31,6.382,6.389,6.438,10129.81,13551.40,13315.07,0.73
2014-03-19,6.360,6.480,6.450,6.360,11340.06,0.78,6.398,6.394,6.418,9728.98,12942.31,13404.05,0.88
2014-03-20,6.450,6.660,6.430,6.410,20338.79,-0.31,6.410,6.378,6.404,11340.84,12685.77,13945.48,1.59
2014-03-21,6.410,6.640,6.630,6.330,27672.94,3.11,6.466,6.396,6.404,15319.35,13474.26,14701.27,2.16
2014-03-24,6.690,7.130,6.940,6.610,47830.73,4.68,6.570,6.466,6.432,23308.15,16617.47,16261.53,3.73
2014-03-25,6.880,7.070,6.810,6.710,45513.27,-1.87,6.652,6.517,6.458,30539.16,20334.48,17839.76,3.55
2014-03-26,6.790,6.810,6.670,6.600,23361.41,-2.06,6.696,6.547,6.472,32943.43,21336.21,18576.53,1.82
2014-03-27,6.560,6.850,6.710,6.560,36013.76,0.60,6.752,6.581,6.492,36078.42,23709.63,19938.17,2.81
2014-03-28,6.700,7.040,6.910,6.630,44972.34,2.98,6.808,6.637,6.522,39538.30,27428.83,21656.20,3.51
2014-03-31,6.920,6.920,6.620,6.580,22586.20,-4.20,6.744,6.657,6.531,34489.40,28898.77,22069.84,1.76
2014-04-01,6.620,6.760,6.720,6.590,14463.82,1.51,6.726,6.689,6.539,28279.51,29409.33,21480.37,1.13
2014-04-02,6.740,7.250,6.940,6.700,59003.27,3.27,6.780,6.738,6.566,35407.88,34175.65,23558.98,4.60
2014-04-03,6.910,6.950,6.790,6.680,32025.54,-2.16,6.796,6.774,6.576,34610.23,35344.33,24015.05,2.50
2014-04-04,6.710,7.090,7.010,6.670,42148.45,3.24,6.816,6.812,6.604,34045.46,36791.88,25133.07,3.29
2014-04-08,6.940,7.080,6.960,6.870,32356.76,-0.71,6.884,6.814,6.640,35999.57,35244.48,25930.98,2.52
2014-04-09,6.950,6.950,6.910,6.820,21363.14,-0.72,6.922,6.824,6.671,37379.43,32829.47,26581.98,1.67
2014-04-10,6.880,6.910,6.820,6.730,23318.70,-1.30,6.898,6.839,6.693,30242.52,32825.20,27080.70,1.82
2014-04-11,6.760,6.810,6.760,6.700,15193.42,-0.88,6.892,6.844,6.713,26876.09,30743.16,27226.40,1.18
2014-04-14,6.710,6.830,6.820,6.710,12689.35,0.89,6.854,6.835,6.736,20984.27,27514.87,27471.85,0.99
2014-04-15,6.830,6.970,6.750,6.740,22289.94,-1.03,6.812,6.848,6.753,18970.91,27485.24,28192.01,1.74
2014-04-16,6.760,6.810,6.790,6.730,10902.16,0.59,6.788,6.855,6.772,16878.71,27129.07,28269.20,0.85
2014-04-17,6.790,6.830,6.780,6.730,11147.96,-0.15,6.780,6.839,6.789,14444.57,22343.54,28259.60,0.87
2014-04-18,6.710,6.800,6.730,6.710,9475.91,-0.74,6.774,6.833,6.804,13301.06,20088.58,27716.45,0.74
2014-04-21,6.710,6.750,6.520,6.520,9235.69,-3.12,6.714,6.784,6.798,12610.33,16797.30,26794.59,0.72
2014-04-22,6.530,6.600,6.510,6.400,9293.23,-0.15,6.666,6.739,6.777,10010.99,14490.95,24867.72,0.72
2014-04-23,6.510,6.550,6.540,6.490,6365.11,0.46,6.616,6.702,6.763,9103.58,12991.15,22910.31,0.50
2014-04-24,6.550,6.640,6.510,6.490,9357.11,-0.46,6.562,6.671,6.755,8745.41,11594.99,22210.09,0.73
2014-04-25,6.510,6.550,6.330,6.330,12301.56,-2.77,6.482,6.628,6.736,9310.54,11305.80,21024.48,0.96
2014-04-28,6.350,6.390,6.180,6.180,10112.57,-2.37,6.414,6.564,6.700,9485.92,11048.12,19281.49,0.79
2014-04-29,6.240,6.260,6.230,6.160,8674.74,0.81,6.358,6.512,6.680,9362.22,9686.60,18585.92,0.68
2014-04-30,6.230,6.500,6.400,6.230,13297.28,2.73,6.330,6.473,6.664,10748.65,9926.12,18527.59,1.04
2014-05-05,6.380,6.400,6.330,6.230,12276.10,-1.09,6.294,6.428,6.634,11332.45,10038.93,16191.24,0.96
2014-05-06,6.320,6.360,6.330,6.280,8087.41,0.00,6.294,6.388,6.611,10489.62,9900.08,14994.33,0.63
2014-05-07,6.320,6.380,6.370,6.240,14664.47,0.63,6.332,6.373,6.579,11400.00,10442.96,13620.13,1.14
2014-05-08,6.300,7.010,7.010,6.300,70573.88,10.05,6.488,6.423,6.581,23779.83,16571.02,15530.99,5.50
2014-05-09,7.290,7.300,6.830,6.790,86468.32,-2.29,6.574,6.452,6.577,38414.04,24581.34,18786.25,6.74
2014-05-12,6.700,6.880,6.780,6.670,54022.27,0.15,6.664,6.479,6.575,46763.27,29047.86,20321.42,4.21
2014-05-13,6.700,6.830,6.660,6.660,34029.26,-1.77,6.730,6.512,6.570,51951.64,31220.63,21263.22,2.65
2014-05-14,6.750,6.850,6.710,6.670,30756.93,0.75,6.798,6.565,6.565,55170.13,33285.07,22166.59,2.40
2014-05-15,6.740,6.740,6.490,6.370,28142.45,-3.28,6.694,6.591,6.552,46683.85,35231.84,22459.22,2.19
2014-05-16,6.470,6.560,6.530,6.390,14422.52,0.62,6.634,6.604,6.539,32274.69,35344.36,22635.24,1.12
2014-05-19,6.470,6.500,6.430,6.290,13531.05,-1.53,6.564,6.614,6.521,24176.44,35469.86,22754.39,1.06
2014-05-20,6.430,6.470,6.400,6.360,8764.32,-0.47,6.512,6.621,6.505,19123.45,35537.55,22718.81,0.68
2014-05-21,6.390,6.480,6.470,6.310,6460.87,1.09,6.464,6.631,6.502,14264.24,34717.19,22580.07,0.50
2014-05-22,6.470,6.560,6.440,6.420,7965.24,-0.46,6.454,6.574,6.499,10228.80,28456.32,22513.67,0.62
2014-05-23,6.440,6.620,6.570,6.390,18276.82,2.02,6.462,6.548,6.500,10999.66,21637.17,23109.26,1.43
2014-05-26,6.570,6.600,6.580,6.490,12027.12,0.15,6.492,6.528,6.504,10698.87,17437.66,23242.76,0.94
2014-05-27,6.560,6.600,6.500,6.500,9041.52,-1.22,6.512,6.512,6.512,10754.31,14938.88,23079.76,0.71
2014-05-28,6.450,6.540,6.520,6.450,8071.22,0.31,6.522,6.493,6.529,11076.38,12670.31,22977.69,0.63
2014-05-29,6.500,6.560,6.500,6.450,9488.86,-0.31,6.534,6.494,6.543,11381.11,10804.95,23018.40,0.74
2014-05-30,6.480,6.480,6.390,6.340,12598.23,-1.69,6.498,6.480,6.542,10245.39,10622.53,22983.44,0.98
2014-06-03,6.390,6.480,6.450,6.360,8399.30,0.94,6.472,6.482,6.548,9519.83,10109.35,22789.60,0.65
2014-06-04,6.400,6.450,6.350,6.280,11221.11,-1.55,6.442,6.477,6.549,9955.74,10355.03,22946.29,0.87
2014-06-05,6.400,6.410,6.400,6.330,8961.05,0.79,6.418,6.470,6.551,10133.71,10605.05,22661.12,0.70
2014-06-06,6.380,6.430,6.370,6.340,5914.89,-0.47,6.392,6.463,6.519,9418.92,10400.01,19428.17,0.46
2014-06-09,6.370,6.470,6.390,6.330,9110.48,0.31,6.392,6.445,6.497,8721.37,9483.38,15560.28,0.71
2014-06-10,6.420,6.450,6.450,6.340,8450.14,0.94,6.392,6.432,6.480,8731.53,9125.68,13281.67,0.66
2014-06-11,6.440,6.460,6.450,6.380,7072.97,0.00,6.412,6.427,6.470,7901.91,8928.83,11933.85,0.55
2014-06-12,6.440,6.580,6.460,6.400,11421.04,0.15,6.424,6.421,6.457,8393.90,9263.81,10967.06,0.89
2014-06-13,6.440,6.520,6.470,6.430,8839.09,0.15,6.444,6.418,6.456,8978.74,9198.83,10001.89,0.69
2014-06-16,6.470,6.530,6.520,6.470,8578.96,0.77,6.470,6.431,6.456,8872.44,8796.90,9709.71,0.67
2014-06-17,6.520,6.520,6.430,6.430,7986.31,-1.38,6.466,6.429,6.456,8779.67,8755.60,9432.48,0.62
2014-06-18,6.410,6.440,6.350,6.320,10349.67,-1.24,6.446,6.429,6.453,9435.01,8668.46,9511.74,0.81
2014-06-19,6.360,6.370,6.120,6.110,11361.73,-3.62,6.378,6.401,6.436,9423.15,8908.53,9756.79,0.89
2014-06-20,6.150,6.340,6.240,6.100,11123.73,1.96,6.332,6.388,6.426,9880.08,9429.41,9914.71,0.87
2014-06-23,6.200,6.270,6.250,6.200,6811.08,0.16,6.278,6.374,6.410,9526.50,9199.47,9341.42,0.53
2014-06-24,6.210,6.290,6.280,6.210,5583.49,0.48,6.248,6.357,6.395,9045.94,8912.81,9019.24,0.44
2014-06-25,6.260,6.280,6.270,6.230,4024.41,-0.16,6.232,6.339,6.383,7780.89,8607.95,8768.39,0.31
2014-06-26,6.270,6.360,6.340,6.270,6801.56,1.12,6.276,6.327,6.374,6868.85,8146.00,8704.91,0.53
2014-06-27,6.350,6.460,6.430,6.300,15670.23,1.42,6.314,6.323,6.371,7778.15,8829.12,9013.97,1.22
2014-06-30,6.400,6.480,6.460,6.400,9951.64,0.47,6.356,6.317,6.374,8406.27,8966.38,8881.64,0.78
2014-07-01,6.430,6.590,6.450,6.430,11472.53,-0.15,6.390,6.319,6.374,9584.07,9315.01,9035.31,0.89
2014-07-02,6.450,6.510,6.500,6.430,9905.35,0.78,6.436,6.334,6.382,10760.26,9270.57,8969.52,0.77
2014-07-03,6.500,6.580,6.540,6.470,13074.87,0.61,6.476,6.376,6.389,12014.92,9441.89,9175.21,1.02
2014-07-04,6.530,6.620,6.550,6.500,9001.20,0.15,6.500,6.407,6.398,10681.12,9229.64,9329.52,0.70
2014-07-07,6.560,6.640,6.610,6.550,10047.87,0.92,6.530,6.443,6.409,10700.36,9553.32,9376.39,0.78
2014-07-08,6.640,6.640,6.580,6.530,10543.44,-0.45,6.556,6.473,6.415,10514.55,10049.31,9481.06,0.82
2014-07-09,6.580,6.620,6.510,6.490,14188.75,-1.06,6.558,6.497,6.418,11371.23,11065.74,9836.85,1.11
2014-07-10,6.520,6.520,6.510,6.440,9978.77,0.00,6.552,6.514,6.421,10752.01,11383.47,9764.73,0.78
2014-07-11,6.520,6.610,6.610,6.510,13607.29,1.54,6.564,6.532,6.428,11673.22,11177.17,10003.14,1.06
2014-07-14,6.610,6.710,6.700,6.560,23734.66,1.36,6.582,6.556,6.437,14410.58,12555.47,10760.93,1.85
2014-07-15,6.680,6.690,6.660,6.620,11008.48,-0.60,6.598,6.577,6.448,14503.59,12509.07,10912.04,0.86
2014-07-16,6.670,6.940,6.760,6.640,43550.74,1.50,6.648,6.603,6.469,20375.99,15873.61,12572.09,3.40
2014-07-17,6.770,6.770,6.610,6.570,27158.14,-2.22,6.668,6.610,6.493,23811.86,17281.93,13361.91,2.12
2014-07-18,6.590,7.190,6.950,6.550,81156.84,5.14,6.736,6.650,6.529,37321.77,24497.50,16863.57,6.33
2014-07-21,7.010,7.650,7.650,6.810,59063.94,10.07,6.926,6.754,6.599,44387.63,29399.11,19476.21,4.61
2014-07-22,8.420,8.420,8.420,8.420,21259.15,10.06,7.278,6.938,6.706,46437.76,30470.68,20259.99,1.66
2014-07-23,8.640,9.260,9.200,8.510,288158.78,9.26,7.766,7.207,6.852,95359.37,57867.68,34466.71,22.47
2014-07-24,8.620,9.150,8.800,8.530,187858.92,-4.35,8.204,7.436,6.975,127499.53,75655.69,43519.58,14.65
2014-07-25,8.640,8.990,8.310,8.200,153681.53,-5.57,8.476,7.606,7.069,142004.46,89663.12,50420.14,11.98
2014-07-28,8.230,8.420,8.420,8.110,116013.73,1.32,8.630,7.778,7.167,153394.42,98891.03,55723.25,9.05
2014-07-29,8.410,8.530,8.500,8.220,120848.15,0.95,8.646,7.962,7.270,173312.22,109874.99,61192.03,9.42
2014-07-30,8.390,8.670,8.320,8.280,91040.79,-2.12,8.470,8.118,7.361,133888.62,114624.00,65248.80,7.10
2014-07-31,8.370,8.540,8.510,8.320,87871.90,2.28,8.412,8.308,7.459,113891.22,120695.37,68988.65,6.85
